직무명,회사명,위치,경력,주요업무,자격요건,우대사항
데이터 분석가 (3년차 이상),파이프트리스마트팜(PAIPTREESmartFarmInc.),서울 강남구,경력 3년 이상,"주요업무
• 농장의 환경 및 생체 데이터 전처리 및 feature를 추출합니다.
• 정형 및 비정형 데이터(영상, 사운드) 기반 모델링 및 Edge AI 구현을 위한 모델을 최적화합니다.
• 지속적인 서비스를 위한 데이터 파이프라인을 구축하고 유지합니다.","자격요건
• 통계분석 및 모델링 개발의 리딩 경험이 풍부하신 분.
• 3년 이상의 실무 경험 및 분석을 위한 Python, R 활용 이해가 깊은 분.
• TensorFlow, PyTorch 딥러닝을 이용한 모델링 경험이 있는 분.
• Data 분석 주제나 이슈에 대한 부서 간 커뮤니케이션에 강점이 있는 분.
• 리눅스 기반 개발 경험이 있는 분.","우대사항
• ML/DL 관련 분야 석/박사 학위 또는 그에 준하는 경험이 풍부한 분.
• Linux 사용 경험이 있는 분.
• Notion 커뮤니케이션이 가능한 분.
• 데이터 가공, 분석, 모델링, 서비스 구현까지의 전체 프로세스 경험이 있는 분.
• 최신 딥러닝 트렌드에 대해 이해도가 있는 분.
• 스타트업 근무 경험이 있는 분."
마케팅 데이터 분석 (브랜드엑셀러레이팅사업부/데이터분석팀),테크랩스,서울 강남구,경력 2-10년,"주요업무
[브랜드 엑셀러레이팅 사업부]
ㆍ고관여 제품이나 서비스의 마케팅 전략과 실행능력을 특히 병의원에 특화된 그로스 마케팅 전문 사업부 입니다.
ㆍ많은 파트너 병의원을 연간 최대 1,000% 넘게 성장을 시키며 병원 브랜드 부스터, 병원 마케팅 사관학교로 불리고 있습니다.
ㆍ온/오프라인 광고물, 홈페이지, 블로그, 유튜브 영상 콘텐츠, SNS 콘텐츠 등에 대해 전략 수립/제작과 차별화된 마케팅을 제공합니다.

[담당업무]
• 서비스 이용 패턴 분석
- 핵심 지표(회원/매출 등) 변화에 영향을 끼치는 요인 발굴 및 이에 대한 분석 진행
- 관련 데이터 설계 및 적재 방식 기획
• 서비스 핵심 지표 관련 데이터 관리 및 분석
- 대내외 유기적인 현황 파악을 위한 데이터 설계 및 관리 진행
- 해당 데이터에 기반한 서비스 현상 분석","자격요건
• 중상급 수준의 Excel 활용이 가능하신 분(필수)
• 종합적 사고에 기반한 방법론 설계가 가능하신 분","우대사항
• 사회과학 계열 통계를 학습하신 분
• 데이터 분석 관련 자격증(사회조사분석사 등)을 보유하신 분"
Data Scientist (산업기능요원),트릿지,서울 서초구,신입-경력 5년,"주요업무
이러한 업무를 수행합니다:

• Tridge의 독점 데이터와 시장 경제에 대한 깊은 이해를 결합하여 다양한 비즈니스 통찰력을 생성합니다.
• 머신러닝 및 딥러닝 기반 알고리즘을 개발하여 시장 변동성, 가격 차익 거래 및 트렌드 예측과 같은 핵심 시장 변화를 추적하고 비즈니스 및 의사 결정 과정을 지원합니다.
• 빠른 시장 변화에 대응하여 새로운 시장 변수를 재평가하거나 식별하고, Tridge의 기존 빅데이터 모델을 조정하고 개선합니다.
• 데이터 전문성을 활용하여 새로운 데이터 수집 및 모니터링을 통해 데이터 품질을 향상시킵니다.","자격요건
이러한 역량과 경험이 있는 분들을 찾습니다:

• (필수) 정보처리 분야 산업기능요원 편입요건을 충족하시는 분
• 높은 수학적 이해와 분석적 사고에 기반한 강력한 문제 정의 및 해결 능력을 보유하신 분
• 데이터 분석 및 모델링 언어/프레임워크 (Python, R, SQL, Pandas, TensorFlow, PyTorch, Spark 등) 사용 경험이 있으신 분
• 머신러닝 또는 딥러닝 알고리즘 연구/개발 경험을 보유하신 분
• 영어로 소통이 가능하신 분","우대사항
이러한 강점이 있다면 더욱 좋습니다:

• 데이터 분석 및 모델 개발 프로젝트를 주도한 경험이 있으신 분
• 머신러닝 또는 딥러닝 모델의 개발 및 배포를 경험하신 분.
• 데이터 분석, 모델링 및 실험을 통해 비즈니스 및 사용자 경험에 영향을 미친 경험이 있으신 분"
Data Scientist (병역특례 가능),에이비일팔공(AB180),서울 서초구,경력 2년 이상,"주요업무
• 머신러닝 기반의 광고 노출 및 오퍼월(Offerwall) 최적화 알고리즘 개발
• 광고 및 사용자 데이터 분석을 통해 고객사의 성장을 지원하는 에어브릿지 관련 기능 개발
• Large Language Model을 활용한 고객지원 및 데이터 분석 솔루션 개발","자격요건
• 관련 경력 2년 이상 또는 이에 준하는 경험을 보유한 분
• 사용자들이 모바일과 웹에서 만들어 내는 방대한 데이터에서 흥미로운 패턴을 찾아내는 것에 관심과 열정이 있으신 분
• 통계, 머신러닝, 딥러닝 관련 전공자 또는 그에 준하는 배경지식을 가지신 분
• 영어 논문을 읽고 필요한 지식을 습득하여 서비스 개발에 적용하는 것이 가능하신 분
• Python, R 등 데이터 분석/모델 개발을 위한 프로그래밍 언어를 1개 이상 자유롭게 사용 가능하신 분
• Tensorflow, PyTorch, scikit-learn 등 머신러닝 모델링 프레임워크를 사용한 서비스 구축 경험이 있으신 분
• SQL을 활용한 필요한 데이터 추출 및 가공 작업이 가능하신 분","우대사항
• 광고, 커머스, 추천 시스템 등 사용자 데이터를 분석해 본 경험이 있으신 분
• 모바일 게임에 대한 깊은 관심과 게이밍 생태계에 대한 풍부한 이해와 경험을 보유하신 분
• 강화학습 (Multi-Armed Bandit 포함), 인과추론 (Causal Inference)에 대한 이론적 배경이 있으신 분
• Hadoop, Spark 등 빅데이터 분석 플랫폼을 활용한 대용량 데이터 분산 처리 경험이 있으신 분
• Snowflake, Databricks 등 데이터 웨어하우스 사용 경험이 있으신 분
• 영어를 통한 의사소통을 유창하게 하실 수 있는 분"
"CoE Team - Data Scientist, MLOps 전문가",피앤디솔루션,경기 안양시,경력 5년 이상,"주요업무
• CoE Team의 일원으로, Data Scientist 관련 기술의 Technical Leadership 담당
• CoE Team 은 크게 4가지 목표로 운영됩니다.
- 사내 분야별 기술 전문가 팀으로서 전문성 확보
- 프로젝트 내 기술적 문제에 대한 가이드, 컨설팅 및 문제 해결 지원 (Full-Time 참여가 아닌 기술적 문제 해결에 집중)
- 사내/외 전파 교육 및 컨설팅 제공
- 고객사에 대한 솔루션 제안 및 Demo 지원, 프로젝트 인수인계 및 기술 전수
• 주로 다루는 솔루션: Data 가상화(Denodo, TDV), Data Preparation Solution, MLOps(Dataiku) 등","자격요건
• 관련 기술 경력 5년 이상*
• Dataiku 또는 유사 플랫폼(DataRobot, Alteryx 등) 사용 경험
• SQL, Python, R 및 데이터 처리 및 분석 언어 사용 경험
• Data Modeling, Machine Learning, AI 솔루션 경험
• ChatGPT, Copilot 등 LLM 구축 경험
• 엔터프라이즈 고객과의 업무 경험
• 적극적이고 원활한 커뮤니케이션 능력*
• 동료에 대한 상호 존중 및 배려의 태도*
• 해외여행에 결격사유가 없는 분*

##모든 기술을 완벽하게 갖추기보다는 위 기술 중 2~3개 이상의 강점을 가진 분을 찾고 있습니다.","우대사항
• 프리세일 경험이 있으신 분
• 영어로 의사소통이 가능하신 분
• 클라우드 서비스(AWS, Azure, Google Cloud) 경험이 있으신 분"
제품 Data Analyst (Senior),바비톡,서울 서초구,경력 7년 이상,"주요업무
• Data-driven 의사결정을 내릴 수 있도록 정량적 수치와 분석 결과를 제공하고, 구성원들에게 Insight가 전달될 수 있도록 대시보드 및 리포트를 구성합니다.
• 목표로 하는 지표의 성장을 위한 임팩트 있는 가설을 설정하고, 이를 검증하기 위한 A/B 테스트 실험을 설계하며, 결과를 분석하여 전달합니다.
• Product Owner와 함께 서비스 및 전사의 방향을 결정하는 중요한 전략가로서의 역할도 수행합니다.
• 바비톡 사용자들이 경험하는 App의 UX 플로우 및 Funnel을 분석하여 개선점을 도출합니다.
• 제품 조직 뿐만 아니라, 마케팅, 운영팀, 영업팀 등 다양한 팀과의 협업을 통해 비즈니스 문제를 정의하고, 이를 해결하기 위한 가설을 수립합니다.

[업무환경]
• AWS S3와 Glue로 구축한 Data Lake를 활용합니다.
• 데이터 조회 및 가공은 Amazon Athena를 사용합니다.
• Amazon Quicksight와 Amplitude를 사용하여 서비스 주요 지표 및 성과 분석을 공유합니다.
• 핵클을 활용하여 AB 테스트를 진행합니다.","자격요건
• DA 경력 7년 이상 혹은 이에 준하는 실력
• 주제별 데이터 분석, 가설 수립, 성장 실험 등 데이터 분석과 관련한 높은 이해도를 갖춘 분
• 주어진 업무 외에 데이터 분석가로서 서비스에 기여할 수 있는 방법을 동료들과 논의하여 실행해 본 경험이 있는 분
• 담당 업무들 사이의 우선 순위를 정의하고 이해 관계자들과 협의를 원활하게 진행하실 수 있는 분
• Amazon Athena (또는 Trino), Google BigQuery, Amazon Redshift, Snowflake 를 통한 빅데이터 핸들링 역량 (SQL)
• 코호트 분석, A/B 테스트, Funnel 분석 등의 분석 방법론에 대한 이해 & 실무 적용 경험
• 모바일 서비스 데이터 분석 방법(Customer Lifetime Value, Retention, Cohort Analysis 등)에 대한 높은 수준의 이해
• Amplitude, Google Analytics, Firebase 등의 로그분석 툴 사용 경험","우대사항
• Lean Startup 및 Agile 조직 경험이 있으신 분
• 데이터 시각화(Tableau, Amazon Quicksight 등)에 대한 풍부한 경험이 있는 분
• Python, R 등을 활용한 데이터 분석에 대한 이해도가 높으신 분
• Spark 등을 활용한 데이터 적재 및 가공에 대한 이해도가 있으신 분"
Data Scientist,바잉스퀘어,서울 강남구,경력 3년 이상,"주요업무
• 다양한 타입의 비정형 데이터 머신러닝을 통한 정형화
• 머신러닝 기반 내부의 주문 데이터와 외부의 소셜 네트워크 데이터를 반영한 수요 예측 알고리즘 개발 및 개선
• 정형화된 데이터 기반 제약조건을 고려하고 시장 수요 예측을 반영한 최적의 추천 알고리즘 개발
• RAG, Fine tuning 등을 이용해 LLM 모델의 성능을 향상","자격요건
• LLM을 활용한 서비스/ 모델 개발 및 적용, fine tuning까지의 a-to-z 경험이 있으신 분
• 논리적 사고 및 문제 정의 & 해결을 해주실 분
• 두괄식 커뮤니케이션 스타일과 우수한 협업 능력을 보유하신 분
• 수동적으로 받은 업무를 처리하기보다는 작업의 본질을 흡수하고 주도적으로 개발해 주실 분","우대사항
• 관련 전공의 석사 이상 학위를 보유하신 분
• 경영, 전략, 기획 관련 직무를 경험한 분 또는 해당 직군과 면밀히 일한 경험이 있는 분
• B2B 또는 이커머스 도메인 내 경험이 있으신 분
• 숙련된 프로그래밍(Python) 능력을 갖추신 분
• Docker 및 Kubernetes에 대한 경험을 보유하신 분"
[Engineering] 데이터 분석가,콜로세움코퍼레이션,서울 강남구,경력 3년 이상,"주요업무
실무 지표 및 데이터 분석, 주 업무
축적된 로우데이터 기반한 데이터 탐색
비즈니스를 이해하고 요구사항을 충족하는 모니터링 지표 개발
데이터를 기반으로 한 가설 수립 및 검증
Data를 정제/가공/분석하고, 리포트와 시각화를 제공","자격요건
■ 공통 역량
SQL, Python, R 등의 도구를 활용하여 원하는 데이터를 추출, 가공, 시각화해본 경험이 있는 분.
분석 결과를 다양한 각도에서 바라보고 여러 의미로 해석할 수 있는 분.
다양한 지표를 관리 및 운영 경험이 있으신 분.
데이터 분석 툴 사용 경험이 있으신 분. (BigQuery,Looker,QuickSight,Tableau 등)

■ 직무 역량
데이터 마트를 주도적으로 설계 및 구축하고, 운영한 경험이 있는 분
BI 서비스, 지표 제공 및 대내외 보고서 개발/운영 경험이 있는 분
숙련된 SQL 능력과 Python 데이터 처리 경험이 있는 분
클라우드 기반의 데이터 엔지니어링 경험이 있는 분","우대사항
통계, 산업공학, 컴퓨터 공학 전공
물류 서비스 도메인 지식에 익숙하신 분
데이터 파이프라인 처리 경험
MySQL 등 RDBMS 경험
BigQuery,Looker 직접 구축 및 활용 가능"
[AI Agent] AI Researcher/Data Scientist,사각,서울 마포구,경력 2년 이상,"주요업무
1. Private Personalized AI Agent PoC: 고객이 보유한 데이터를 이용한 AI 서비스 아이디어 구현/검증
- 데이터를 분석하여 정량적인 지표를 추출(EDA and Feature Engineering)
- 적절한 머신러닝 기법을 선택한 후 학습 및 검증(Training and Validation)

2. 코어 AI 알고리즘 연구
- On-device, On-premise 환경을 타겟으로 Federated Learning Framework 을 중심으로 한 Privacy Preserving AI 알고리즘 연구

* 주요분야
- Personalized Federated Learning
- Transfer Learning for Model Compression
- Machine Unlearning

3. 기업용 업무 자동화를 위한 SLM 기반 AI 모델 개발
- 범용 LM이 아닌 수행업무가 명확하게 정의된 특수 목적용 LM 개발
- 오픈소스 LLM을 바탕으로 주어진 수행업무의 범위에 따라 RAG 또는 미세조정 수행","자격요건
• 파이썬 기반의 머신러닝 라이브러리 및 딥러닝 프레임워크(Pytorch, Tensorflow, et. al.) 사용에 능숙하신 분
• 통계분석, 머신러닝(특히, 연합학습)에 대한 기본적인 이해를 가지고 계신분
• 주어진 문제에 대한 논리적/문맥적 정의를 바탕으로 데이터를 활용한 해결책을 수립하고 검증하는 데 열정이 있는 분
• Technical Presentation에 익숙하신 분","우대사항
• 논문 또는 챌린지 등 데이터분석, 머신러닝/딥러닝 프로젝트을 주도해서 수행한 경험이 있으신 분
• 실 생활에서 접하는 다양한 유형의 데이터에 대해, preprocessing 및 머신러닝 모델을 설계하고 검증해본 경력이 있는 분
• MLOps에 대한 경험이 있으신 분"
Data Scientist,딥인사이트,경기 성남시,경력 1-10년,"주요업무
[팀 소개]
딥인사이트 기업부설연구소는 운전자와 동승자의 안전을 책임지는 In-Cabin Monitoring Systems(ICMS)을 개발합니다.
제한된 환경에서 최선의 속도와 정확도를 갖는 인공지능 어플리케이션으로 다음 세대 자동차의 안전과 편의성을 향상시킵니다.

[주요 업무]
- 관련 분야 석/박사로 이루어진 딥러닝 모델 개발자들의 훈련 결과물을 비판적으로 분석하는 역할입니다.
- 실전에서의 모델의 성능을 담보하기 위해 총체적인 검증을 수행합니다.
- 모델의 단점을 보완하기 위해 개선되어야할 파라미터 스페이스를 판별해냅니다.
- 명확한 통계적 근거를 바탕으로 모델 개발자에게 피드백을 제공합니다.","자격요건
1. 학위: 관련 분야 학사 이상
2. 경력(업계경력): 신입/경력 무관
3. 요구 능력
- Python, Pytorch 개발 능력
- 인공지능(Computer Vision 분야)에 대한 깊은 이해
- 데이터 기반/통계 활용 이공계 연구 경험 (전공 무관, 논문 필요)
- 데이터 고도화를 통한 DL 모델 성능 향상 경험
- 기타 IT 관련 지식과 SW 테스트 업무에 대한 관심

*이력서 및 포트폴리오 제출 부탁드립니다. (현재 연봉정보 및 희망 연봉정보 필수 기입 부탁드립니다.)","우대사항
- 관련 경력 3년 이상, 관련 전공 석사 학위 이상
- MLOps 경험자
- 문제를 수학적으로 formulate하는 능력
- C/C++ 개발 능력
- 협업 툴(Jira, Confluence / MS Teams) 경험자
- 영어 문서 이해에 어려움이 없는 사람"
데이터 분석가 (Business Data Analyst),에이블리코퍼레이션,서울 서초구,경력 3-8년,"주요업무
• 거래액, MAU 등 주요 사업 지표의 정기/비정기 분석과 이슈 사항들을 모니터링 해요.
• 마케팅 / 프로모션 활동 성과들을 분석하고 회고해요.
• 고객, 거래, 마케팅 등을 결합한 데이터들을 분석해요.
• 비즈니스 의사 결정을 위한 가설 설정을 설정하고 데이터를 추출 및 가공하여 인사이트를 도출해요.","자격요건
• 비즈니스 데이터 분석 경험이 3년 이상이거나, 그에 준하는 역량을 갖고 계신 분을 찾고 있어요.
• SQL을 통해 데이터를 추출하고, 원하는 형태로 가공이 가능하신 분을 찾아요.
• 분석 결과를 도출하고 전달할 수 있는 논리적 사고와 커뮤니케이션 능력이 있는 분을 찾아요.
• 자기주도적으로 문제를 발견하고 해결하고자 하는 호기심을 가진 분을 찾아요.
• 에이블리의 조직 문화를 이해하고 함께 성장하고자 하는 목표를 가진 분을 찾고 있어요.","우대사항
• 커머스 비즈니스 관련 데이터 분석 경험이 있으신 분이면 더욱 좋아요.
• 퍼포먼스 마케팅, CRM 마케팅 등 마케팅 관련 분석 경험이 있으신 분이면 좋아요.
• Python, R 등 데이터 분석 툴 활용이 가능한 분이면 좋아요.
• 기본 재무/회계 지식과 통계 지식을 갖춘 분이면 좋아요.
• IT/Tech, 온라인/패션/커머스 시장과 트렌드에 대한 깊은 관심과 이해가 있으신 분이면 더욱 좋아요.

[채용절차 및 제출서류]
• 채용 절차 : 서류전형 - 사전과제 - 직무 인터뷰 & 문화적합성 인터뷰 - 최종 인터뷰 - 최종합격
• 연봉 정보는 서류상 기재하지 말아주세요. 추후 별도로 요청 드릴 예정 입니다.

[입사 유의 사항]
• 인턴을 제외한 모든 직무는 3개월 수습기간을 거칩니다.
• 수습기간 동안 급여 및 복지는 차등 없이 지급됩니다.
• 입사지원 서류에서 허위기재 사실이 발견될 경우, 입사가 취소될 수 있습니다."
데이터 기획 및 분석 (BI),해긴,서울 구로구,경력 8-20년,"주요업무
게임의 지표를 정의하고 데이터 웨어하우스(DW) 설계 및 관리
데이터를 직관적으로 이해할 수 있도록 대시보드 개발
• 게임 내 이상 데이터 추적 및 데이터 가공, 통계 개발
• 게임별 ETL 프로세스 운영 및 데이터 파이프라인 설계/구축
• 데이터 모델 설계 및 최적화를 통해 비즈니스 요구 사항에 맞는 데이터 제공
• SQL, Python 등을 활용하여 필요한 데이터 추출 및 가공
• 비즈니스 인사이트 도출을 위한 데이터 시각화 및 레포팅 작업
• 유관 부서와의 협업 및 데이터 결과 공유를 위한 커뮤니케이션 및 문서화 작업","자격요건
• 게임 관련 데이터 가공 및 분석 경험
• SQL, Python 등을 이용한 데이터 처리가 능숙하신 분
• 데이터 파이프라인 설계/구축 및 ETL 프로세스 운영해 보신 분
• 여러 팀과 원활한 협업을 위한 커뮤니케이션 스킬을 갖추신 분","우대사항
• 게임업계 경력이 있으신 분
• Snowflake, PowerBI 사용 경험이 있으신 분
• 통계 및 프로그래밍 관련 전공자이신 분
• DB/SQL 쿼리 최적화 경험이 있으신 분
• 머신러닝 및 AI에 대한 기본적인 이해가 있으신 분
• 사업 분석 및 의사결정에 필요한 데이터 분석 능력이 있으신 분
• 데이터베이스 관리 및 데이터 모델링에 대한 심화 지식이 있으신 분
• 데이터베이스 관리 및 데이터 모델링에 대한 심화 지식이 있으신 분"
비즈니스 컨설턴트 (Data 분석),콘센트릭스서비스코리아CATALYST,서울 강남구,경력 5년 이상,"주요업무
• 시의성을 고려한 분석 토픽 발굴
• 분석 토픽에 맞춰 분석 스토리라인 구성
• 발굴된 Insight를 기반으로 가설을 검증하고 최종 분석 결론 도출
• 분석 결과의 보고서화 및 Communication
• 영문보고서 작성","자격요건
• Consultancy를 바탕으로 한 문제해결 및 Communication 역량
• 데이터의 특성과 흐름을 식별할 수 있는 데이터 문해 역량
• EDA를 위한 Tool 사용 역량(Excel 포함 1개 이상)
• PPT를 활용한 영문 보고서 작성 역량
• 영어 커뮤니케이션 가능","우대사항
*장애인은 관련법령에 의해 채용시 우대합니다"
라이더 정책 데이터 분석가(Business Analyst) (3년 이상),우아한청년들,서울 송파구,경력 3-7년,"주요업무
• 라이더 정책 수립, 관리, 개선을 위한 데이터 분석
(배달특성 및 라이더 행동지표, 배달비용, 배달시간 등)
• 데이터 분석을 통한 라이더 정책 고도화 및 실행 계획 수립
• 정량적 데이터를 통한 라이더 정책 적성성 검토 및 의사결정 지원
• 신규 지표 정의, 지표 관리 및 시각화","자격요건
• 3년 이상 SQL를 활용한 데이터 추출 및 Excel 데이터 분석한 경험을 보유하신 분
• 데이터 분석을 통한 개선 프로젝트를 주도적으로 이끌어 본 경험을 보유하신 분
• 분석결과를 근거로 논리적 추론 및 인사이트를 도출하여 문제를 해결해 본 경험을 보유하신 분","우대사항
• 데이터 시각화 툴(Tableau, Redash) 활용 경험을 보유하신 분
• 2년 이상 사업 및 정책 운영/관리 관련 경험을 보유하신 분
• IT 플랫폼, 유통/물류, 커머스 등 유관 업종에서의 업무 경력과 비즈니스 이해도가 있으신 분
• 데이터 분석 관련 전공을 이수하신 분"
[사업실] 데이터 분석가,로드컴플릿(LoadComplete),경기 성남시,경력 2년 이상,"주요업무
합류 후 함께하실 업무에 대해서 소개해 드릴게요.

• 각 게임의 로그 데이터 수집 및 분석을 통해 유의미한 인사이트 도출
• 데이터 기반의 가설 수립 및 검증을 위한 실험 설계 및 수행
• 다양한 데이터 소스(SQL, NoSQL 등)에서 데이터 추출 및 가공
• BI 시스템을 활용한 데이터 시각화 및 리포팅
• A/B 테스트 및 인과 추론을 통한 효과 분석 및 성과 측정
• 데이터 기반의 의사결정을 지원하기 위한 대시보드 개발 및 운영","자격요건
아래의 경험을 해오셨던 분을 찾고 있어요.

• 데이터 분석 관련 경력 2년 이상이신 분
• Python, SQL 등을 활용한 데이터 분석 및 가공 능력을 보유하신 분
• 통계적 지식 및 기초 통계 분석 능력을 보유하신 분
• 분석 결과를 명확히 전달할 수 있는 커뮤니케이션 역량을 보유하신 분
• 해외 여행에 결격 사유가 없으신 분","우대사항
이런 경험이 있다면 더욱 좋습니다!

• 데이터 시각화 툴(Data Studio(Looker Studio), Tableau, Looker 등)을 활용한 리포트 작성 경험이 있으신 분
• 머신러닝, 딥러닝 모델 개발 및 운영 경험이 있으신 분
• 통계학, 데이터 사이언스, 컴퓨터 공학 등 관련 학위를 보유하신 분 (* 석사 이상 학위 보유자 우대)
• 게임 데이터 분석 경험 또는 게임 산업에 대한 이해도가 있으신 분
• A/B 테스트 설계 및 분석 경험이 있으신 분"
"[광고/마케팅] Senior, Data Analyst (Ads Analytics)",쿠팡,서울 송파구,경력 3-20년,"주요업무
Ads Analytics 팀의 Senior Data Analyst 로서 다음의 업무를 담당하게 됩니다.

제품 및 수익화 전략: 다양한 입찰 및 수익화 모델을 개발하고 테스트하며, 변화가 수익에 미칠 수 있는 영향을 시뮬레이션합니다.
지표: 상품 채택, 사용, 성과 및 이탈에 대한 보고에 사용되는 일련의 핵심 성과 지표(KPI)를 제공합니다. 그룹의 수익화 노력이 효과가 있는지 파악할 수 있도록 가시성을 제공합니다.
예측: 인벤토리 및 수익 예측 모델을 수익 최적화 프로세스의 중요한 구성 요소로 설계 및 유지, 관리합니다. 판매 패턴을 분석하여 동향을 파악하고 재무 예측을 지원합니다.
A/B 테스트: A/B 테스트를 설계, 수행, 분석 및 인사이트를 발굴하여 상품 이터레이션에 대해 알리고 우선순위를 정합니다. 통계적 엄밀성을 가지고 이를 수행하고 시험 결과 동인에 대한 ""왜?""라는 질문에 대답하기 위해 코호트 연구를 수행합니다.
간결한 스토리 전달 – 테스트 완료 시 시의적절하고 설득력이 있으며 사실에 기반한 테스트 내용을 정리해 데이터와 테스트 결과에 숨겨진 비즈니스 “스토리를” 강력히 전달합니다.","자격요건
이상적인 후보자는 광고 데이터 분석, 비즈니스 분석, 재무 분석, 시장 조사 및 경영진 보고를 수행하는 분석가로서 3년 이상의 경험을 가진 분입니다.

• 뛰어난 SQL 활용 역량
• 탁월한 정량적 분석 스킬
• 우수한 프레젠테이션 및 커뮤니케이션 스킬
• 매우 체계적이고 디테일 중심적인 사고
• 빠른 속도로 움직이는 조직에서 여러 이해 관계자를 위해 다수의 프로젝트를 동시에 관리할 수 있는 역량
• 학사 학위 소지자","우대사항
• 광고기술 / 광고(검색, 디스플레이, 브랜딩, 리타겟팅, 소셜미디어, 스트리밍 비디오 등), 디지털 마케팅, 광고 에이전시 또는 관련 도메인에서의 경험
• 통계 분석을 위한 Python 또는 R 활용 역량
• Hive, Presto, Airflow
• 기술 분야 석사학위 소지자
• 통계 분야 경험이 많은 분
• 데이터 시각화 (예: Tableau, Qlik, Looker, Power BI)
• 머신 러닝 경험"
Data Scientist (전문연구요원 가능),에니아이(Aniai),서울 성동구,경력 3-10년,"주요업무
• 대규모 정형 및 비정형 데이터를 분석합니다. 고객 참여 및 유지를 촉진하기 위한 심층 분석 및 기계 학습 모델을 개발합니다.
• 핵심 비즈니스 측정항목을 설계 및 개발하고, 통찰력 있는 자동화 대시보드와 데이터 시각화를 만들어 이를 추적하고 유용한 비즈니스 지표들을 추출합니다.
• 로봇에서 나온 데이터를 추출하여, 로봇의 상태를 예측하고 수명주기에 대한 정보를 추출합니다.
• 센서에서 나온 데이터를 바탕으로 조리의 품질을 판단할 수 있는 모델을 설계하고 검증합니다.
• 필요한 경우 공급사, 테스트 Lab, 생산공장, 고객사 등 출장을 갈 수 있습니다.","자격요건
• 데이터를 분석하여 정량적인 지표를 추출한 경력 3년 이상 가지고 계신 분
• 새로운 유형의 data에 대해, pre-processing 및 deep learning 모델을 설계해본 경력이 있는 분
• 데이터 분석 툴에 익숙하신 분 (Python or matlab)
• 통계 분석에 대한 기본적인 이해를 가지고 계신 분
• Technical Presentation에 능숙하며 뛰어난 의사 소통 역량을 보유한 분","우대사항
• 데이터 및 통계 분석에 관한 연구 경력 혹은 박사학위를 가지고 계신 분
• SQL 또는 그와 유사한 database 경력을 가지고 계신 분
• Deep learning외에 머신러닝 기법에 대해 익숙하신 분 (SVM, LDA 등)
• Digital signal processing에 대한 이해를 가지고 계신 분 (Frequency domain, digital filter 등)
• Data visualization tool (ex. Tableau)에 대한 사용 경험을 가지고 계신 분"
Data Analyst (Middle),와드(캐치테이블),경기 성남시,경력 5년 이상,"주요업무
[프로덕트 문제 진단 및 해결]
• 현재 프로덕트의 문제를 찾고 개선을 위한 최적의 솔루션 도출
• 목표를 달성하기 위한 지표와 가설을 설정하고 이를 검증할 수 있는 데이터 분석 및 A/B 테스트를 설계
• 핵심 프로덕트 지표를 설계 및 도식화
• 데이터 기반 의사결정을 위해 PM, Business Owner, Engineer 등의 이해관계자들과 협업
• 전사 목표향의 분석 프로젝트 리딩","자격요건
• DA 경력 5년 이상 혹은 이에 준하는 경력
• 원천 데이터 정제부터 문제 정의, 인사이트 도출 및 액션아이템 제시까지 데이터분석 전반의 과정을 수행할 수 있는 분
• 코호트 분석, A/B 테스트, Funnel 분석 등의 분석 방법론에 대한 이해 & 실무 적용 경험이 있는 분
• 최소 1개 이상의 데이터 시각화 툴(Superset, Redash, GA4, Tableau 등)을 능숙히 사용하실 수 있는 분
• 분석 프로젝트를 운영 및 리딩한 경험이 있는 분","우대사항
• 스타트업의 조직문화를 이해하고 함께 성장하고자 하는 목표를 지닌 분
• A/B 테스트 기반의 실험문화를 만들었던 경험이 있거나 이에 관심이 많으신 분
• Python, R 등을 활용한 데이터 분석에 대한 이해도가 높으신 분
• 데이터 마트 및 데이터 파이프라인 구축 또는 유저 행동 로그 설계 경험이 있는 분"
Data Scientist (AML & FDS),토스뱅크,서울 강남구,경력 3-20년,"주요업무
[합류하면 함께할 업무예요]

• 자금세탁방지와 의심거래를 탐지하는 모델을 개발하고, 운영 / 모니터링 업무를 수행해요.
• 의심거래건을 추출하고 LLM을 이용하여 보고서를 자동으로 작성하는 업무를 수행해요.","자격요건
[이런 분과 함께하고 싶어요]

• 정형 데이터를 이용하여 Modeling 을 해보신 경험이 필요해요.
• 데이터 및 머신러닝에 대한 수학적 이해와 통계적 지식이 필요해요.
• SQL, Python, Spark 등 통계 / 분석 프로그램을 능숙하게 다룰 수 있는 분이 필요해요.
• Imbalanced data classification 모형 개발 경험 및 전문성을 보유하고 있으면 좋아요.
• LLM(RAG, Fine-Tuning)을 이용한 서비스 개발 경험 및 전문성을 보유하고 있으면 좋아요.
• 모형의 결과를 설명할 수 있는 XAI 경험 및 전문성을 보유하고 있으면 좋아요.
• FDS, AML, STR 운영 경험이나 지식이 있으면 좋아요.","우대사항
[이력서는 이렇게 작성하시는 걸 추천해요]

• 그동안 해오신 업무 중 임팩트 있는 성과를 만들어 낸 프로젝트에 대해 구체적으로 작성해 주세요.
• 특히 데이터로 문제를 인지하고 해결한 경험, 또는 비즈니스에 미치는 영향을 f/u 하고 이를 고도화한 경험의 A to Z를 구체적으로 작성해 주세요.
• Imbalanced data classification 경험이 있다면 어떤 기법을 사용했는지 작성해 주세요.
• LLM을 활용한 서비스 개발 경험이 있다면 문제 상황과 프롬프트 엔지니어링, RAG, Fine-Tuning 등의 활용 기법에 대해 작성해 주세요.
• 실제 서비스에 적용하여 개선한 경험이 있다면 결과를 수치로 나타내주면 좋아요.(외부 공개가 민감한 사항일 경우, 해당 부분은 제외해 주세요.)
• 실제 서비스에 적용하여 개선한 경험이 있다면 결과를 수치로 나타내주면 좋아요.(외부 공개가 민감한 사항일 경우, 해당 부분은 제외해 주세요.)

[토스뱅크로의 합류 여정]

• 서류접수 ＞ 사전과제 & 사전과제 기반 직무 인터뷰 ＞ 문화적합성 인터뷰 ＞ 레퍼런스 체크 ＞ 처우협의 ＞ 최종합격 및 입사"
데이터분석 태깅,콘센트릭스서비스코리아CATALYST,서울 강남구,경력 2년 이상,"주요업무
• 글로벌 닷컴 웹페이지 및 앱 신규
런칭/변경에 따른 데이터 수집을 위한
태깅 기획
• Google Analytics 및 Adobe Analytics 활용 웹/앱데이터QA,분석 및 Tool Amdin
-고객사 해외법인 고객들과 커뮤니케이션 및 Task 일정/이슈 관리","자격요건
• 적극적이고 능동적인 마인드, 커뮤니케이션 스킬
• 기본적인 비즈니스 영어 가능한 분
• 엑셀, 파워포인트 활용 가능한 분
• GA/AA에 대한 경험이 없어도 적극적으로 배우면서 데이터분석 분야에서
성장을 하고 싶으신 신입 분도 지원 가능하십니다.","우대사항
• 적극적이고 능동적인 마인드, 커뮤니케이션 스킬
• 기본적인 비즈니스 영어 가능한 분
• 엑셀, 파워포인트 활용 가능한 분
• GA/AA에 대한 경험이 없어도 적극적으로 배우면서 데이터분석 분야에서
성장을 하고 싶으신 신입 분도 지원 가능하십니다.
• 장애인은 법령에 의해 채용시 우대합니다"
데이터 분석,펑타이그레이터차이나(피티코리아),서울 서초구,경력 5-15년,"주요업무
• GA 웹로그 기반 툴을 활용한 웹/앱분석 업무
• 광고주 커뮤니케이션","자격요건
• 학사 이상이신 분
• Adobe analyitcs 또는 Google analytics 통한 데이터 추출 및 분석 가능하신 분
• MS Office 및 기타 통계 프로그램 (R/Python/SQL/SPSS) 사용 가능하신 분
• 유관 경력 5년 이상이신 분","우대사항
• 앱/웹에 대한 이해도가 있으신 분
• 외국어 커뮤니케이션 가능하신 분 (영어, 중국어)
• PPT/Excel 활용한 보고서 제작 경험이 있으신 분"
데이터 분석가(Data Analyst),레이벡스,서울 마포구,경력 6년 이상,"주요업무
· 비정형 데이터의 가공과 분석을 통해, 사업적 과제 해결을 위한 핵심 성과 지표를 수립하고 관리합니다.
· ML을 통해 데이터의 패턴을 분석 · 예측할 수 있는 모델을 개발하고, 다양한 가설을 수립하여 유효성을 검증합니다.
· 데이터 응용을 통해 사업 전반의 의사결정 과정에 참여하고, 주요 실무진과의 협업을 통해 전사 단위의 문제 해결에 기여합니다.
· Aha Moment를 탐색하여 시청자 & 유저의 유입 · 리텐션 요인을 도출하고, 인사이트를 시각화하여 의사결정을 위한 근거를 마련합니다.","자격요건
· 최소 6년 이상의 데이터 분석 유관 업무 경험을 보유하신 분
· 코호트 분석, 유저 행동 패턴 분석 등 프로덕트 데이터 분석 및 ML을 활용한 프로젝트 수행 경험을 보유하신 분
· SQL, R, Python 등의 분석 프로그램을 활용한 데이터 추출 · 가공 · 분석 · 리포팅 역량을 보유하신 분
· 분석 결과를 비전문가도 쉽게 이해할 수 있도록 공유 · 시각화 할 수 있는 커뮤니케이션 역량을 지니고 계시는 분
· 다양한 직군의 실무자 또는 경영진과의 Data-Driven 소통 과정을 주관해본 경험을 지니고 계시는 분","우대사항
· 통계 · 빅데이터 · 엔지니어링 · 인공지능 등 유관 부문의 논문 발표 경험 또는 석사 이상 학위를 보유하신 분
· 데이터의 품질 · 활용도 향상에 대한 고민을 비즈니스에 접목 시켜 프로덕트 혹은 서비스의 개선을 이뤄낸 경험을 지니고 계시는 분
· AWS, GCP, Azure와 같은 클라우드 환경에서 데이터 모델을 배포하고, 운영해본 경험을 지니고 계시는 분
· 커머스 · 미디어 · 광고 · 산업에서의 업무 경험 또는 높은 이해도를 보유하신 분"
데이터 분석가 (4년 이상),투믹스,서울 강남구,경력 4년 이상,"주요업무
■ 인사이트 발굴 및 리포트 제공
• 데이터 지표 분석을 통해 의사결정 지원 및 보고
■ 유관부서 데이터 요청 대응
• 프로덕트 및 마케팅 등 관련 부서의 요청 분석 및 인사이트 제공
■ 사용자 분석 및 인사이트 제공
• 사용자 이용 흐름 및 Funnel 분석을 통해 인사이트 도출 및 제품 개선 지원
■ 마케팅 전략 분석
• 비즈니스적 문제와 Pros/Cons 분석하여 마케팅 부서에 인사이트 제공
■ 데이터 구조 개선 및 협업
• 데이터 구조 설계 고민 및 개발팀과 협력하여 이를 구현","자격요건
• 경력 : 5년 내외의 유관 경력
• 모바일 웹/앱 서비스 데이터 분석 경험이 있으신 분
• 태블로 또는 자체 방식으로 대시보드 구성 가능하신 분
• 코호트 분석, A/B 테스트, Funnel 분석 및 실무 적용 경험이 있으신 분
• 주도적으로 분석 아이템을 발굴하고 추진할 수 있는 분","우대사항
• 전공 : 통계학, 컴퓨터공학 등 관련 전공
• 유사 산업에서의 경력이 있으신 분
• 태블로 사용 가능하신 분(자체 방식으로 대시보드 제작 및 지표 제공 가능하신 분)"
Product Data Analyst,라이너(Liner),서울 마포구,경력 3-10년,"주요업무
- 프로덕트 성장을 위한 데이터 기반의 문제 정의 & 인사이트 도출
- 프로덕트 성장과 사용자 경험 개선을 위한 통계적 실험 설계 & 가설 검증
- 데이터 기반으로 핵심 지표 설계 및 모니터링
- 데이터 로그 설계 및 관리","자격요건
- 3년 이상 프로덕트 데이터 분석 업무 경험이 있으신 분
- 통계학 기반의 분석/실험 인사이트로 프로덕트 성장을 이끌어낸 경험이 있으신 분
- SQL, Python, R 등을 이용한 데이터 전처리, 분석, 모델링 능력을 갖추신 분
- 다양한 직군 동료들과의 협업 및 데이터 스토리텔링 경험이 풍부하신 분","우대사항
- 데이터 마트 구축 혹은 데이터 파이프라인 설계 경험이 있으신 분
- 효율적인 데이터 분석을 위한 방법을 제안하고 실제로 적용해보신 분
- 분석 업무에 대한 자신만의 강점/노하우를 갖고 계신 분
- 데이터 조직의 확장을 경험한 적이 있으신 분
- 건강한 프로덕트는 무엇인지에 대한 명확한 가치관을 보유하고 계신 분
- 머신러닝 알고리즘을 활용한 모델링 역량이 있으신 분
- 개인화 AI 에이전트에 관심 또는 호기심이 많으신 분


[이력서에는 이런 내용을 적어주시면 좋습니다.]
- 진행하셨던 프로젝트에서의 문제 정의 부터 해결 과정까지가 명확하게 드러나면 좋아요.
- 데이터 분석을 통해 성과를 달성해 보신 경험이나 비즈니스 혹은 프로덕트 지표의 개선 여부를 작성해주세요."
IMC마케팅팀장(퍼포먼스마케터 및 데이터분석가),아이트럭,서울 서초구,경력 9-12년,"주요업무
ㆍ아이트럭 마케팅 전략 수립 및 실행
ㆍ퍼포먼스 마케팅
ㆍApp & Web 플랫폼 Raw 데이터 분석
ㆍ프로덕트 퍼널 및 이벤트 설계
ㆍ신규 고객 구매전환과 기존 고객의 리텐션을 높이는 전략 개발
ㆍ블로그, SNS, 유튜브 등 컨텐츠 운영 및 관리
ㆍ광고 플랫폼별 핵심 KPI 설정 지표 관리
ㆍ다양한 광고 채널을 활용하여 캠페인 기획 및 실행, 성과 분석 및 모니터링","자격요건
ㆍ경력 : 7년~12년 (온라인 광고 및 퍼포먼스 마케팅 경력 필수), 대졸이상, 남녀무관
ㆍ성장을 느끼고 싶으신분, 성장에 주도적으로 참여하실 분
ㆍ긍정적인 사고방식과 끈기 있게 분석하고 해결점을 찾아가고자 하는 분
ㆍ데이터에 흥미가 있으신 분
ㆍ데이터 분석 능력, KPI 설정하고 이를 기반으로 성과를 개선해본 경험이 있으신 분
ㆍ온/오프라인 마케팅 기획 가능하신 분
ㆍ주도적인 업무가 가능 하신 분
ㆍ동료 및 타 팀과의 협업에 능하신 분
ㆍ올라운드 플레이가 가능한 마케터","우대사항
ㆍ앱 마케팅 전략 수립 / 실행 경험이 있으신 분
ㆍ데이터를 기반으로 한 창의적 실험과 검증 경험이 있으신 분
ㆍ팀플레이어, 이타적/낙관적/능동적인 성격
ㆍ동료 마케터들과 협업하는 프로세스를 구축하고 팀을 리드할수 있는 분
ㆍ다양한 챌린지와 문제에 대한 해결 능력이 뛰어나신 분"
Data Analyst [CFS Operations(Fresh and Core)],쿠팡,서울 송파구,경력 5-17년,"주요업무
-비즈니스 문제 해결을 위한 정량적 연구 적용
-명시된 비즈니스 문제를 데이터 분석으로 변환
-자신이 제안한 해결방안의 접근방식과 방법론에 대해 본인팀의 관리자나 선임 팀원과의 의견 협력
-정확한 구현에 책임을 지며, 데이터, 가정, 결과 등을 검증
-실행 가능하고 다른 사람들이 쉽게 일조할 수 있는 데이터 모델 및 분석 마련
-쿠팡 정책에 따른 데이터 분류, 저장, 처리","자격요건
-SQL 사용이 능숙하고, Python, 데이터베이스, 엑셀, 통계 모델링 관련 최소 5년 이상의 실무 경력을 갖추신 분
-산업공학/컴퓨터학/통계학/수리학 전공 학사 이상이신 분
-업무상 영어 소통, 작문이 가능하신 분
-Power BI 및 Tableau 사용 가능하신 분","우대사항
-이커머스와 고객 행동에 대한 로그 분석 경력을 보유한 분
-경영학 학위를 소지하신 분"
Data Scientist - Manufacturing Data (KR),가우스랩스(Gauss Labs),서울 강남구,경력 3년 이상,"주요업무
• Analyze manufacturing data to uncover opportunities and develop AI models.
• Collaborate with customers to understand their requirements and deliver clear, data-driven solutions.
• Work closely with our internal teams to ensure solutions are feasible, scalable, and aligned with product strategy.
• Present findings to both technical and non-technical stakeholders.","자격요건
• BS/MS in Engineering, Science, or a related field.
• 3+ years of experience leading AI or data science projects in the semiconductor industry or another manufacturing field.
• Strong problem-solving skills and customer-focused mindset.
• Proficiency in data science tools like Python and SQL.
• Ability to work independently and as part of a team.
• Willingness to travel to client sites as needed.","우대사항
• MS in Computer Science, Data Science, or related field.
• Experience in predictive modeling and cloud platforms (e.g., AWS, Azure).
• Excellent communication skills, with the ability to simplify complex technical concepts.
• Proficient in written and spoken English."
Data Scientist,바이온사이트,서울 성동구,경력 3-10년,"주요업무
• 다양한 바이오메디컬 데이터베이스 수집, 가공 및 분석
- 질량분석기(HRMS) 데이터 분석
- 단백질-약물 활성 예측 및 데이터 분석
• 약학 데이터 플랫폼의 개발 및 유지보수
• 분석 모델 성능 평가 및 고도화","자격요건
• 복잡한 원천 데이터로부터 데이터 정제 및 특징 추출을 직접 수행하고 모형 개발 및 성능 평가를 수행해본 경험이 있는 분
• Python 또는 R 기반 데이터 처리 경험 1년 이상으로서, 데이터 가공 및 분석에 능숙하게 사용하실 수 있는 분
• 분석과정 및 결과를 유관부서에 명확히 전달 할 수 있는 커뮤니케이션 능력을 보유하신 분
• 신약개발 및 단백체학 분야의 최신 데이터 분석법에 관심이 있고 새로운 것을 학습하고 성장하고자 하시는 분","우대사항
• 신약개발, 화학, 생물학 등 분야의 데이터 분석 및 모델링 경험자
• 질량분석(MS) 관련 연구개발 수행 경험자
• Linux, git, docker 등 개발환경에 익숙하신 분
• 외국어(영어) 커뮤니케이션 능력을 갖추신 분"
데이터분석팀 (시니어),로앤컴퍼니(lawtalk),서울 강남구,경력 8-12년,"주요업무
[주요업무]
• 비즈니스/프로덕트 성장에 데이터 기반 의사결정이 뒷받침 되도록 가설 수립, 정량적 분석, 인사이트 도출에 기반한 전략 제시
• 사업전략, 마케팅, 영업팀 등 각 팀의 비즈니스 문제를 분석을 통해 해결하도록 리드 & 서포트
• Attribution Tool의 Taxonomy설계 및 데이터 로깅 총괄 책임
• 지표 기획 & BI 솔루션을 통한 데이터 시각화 및 주요 성과 대시보드 제공
• 분석 인프라 환경 운영 및 이슈 대응

[작업환경]
• GCP BigQuery, Amplitude, Hackle, Tableau, Looker Studio(Google Data Studio)","자격요건
[필수요건]
• 관련 업무 경력 8년 이상
• SQL을 통한 데이터 검색/처리에 능숙한 분
• Python/R 등의 분석 언어 활용에 어려움이 없으신 분
• 분석 방향에 대한 기획부터 인사이트 도출까지 스스로 풀어갈 수 있는 분
• 지표 기획부터 대시보드 구축까지 스스로 결과를 도출 할 수 있는 분
• Analytics Engineering(혹은 Data Engineering 전반)업무 수행이 가능하신 분
• 다양한 팀과 다양한 문제를 같이 해결할 수 있는 협업 커뮤니케이션 능력을 갖추신 분

[이런 분과 일하고 싶어요]
• 본인의 경험보다 데이터에 의한 판단 및 의사결정을 할 수 있는 분
• 데이터를 단순 수치의 등락보다 그 너머의 유저의 행동 심리를 이해하려고 하는 분
• 진취적이고 협력적인 마인드로 결과를 함께 만들어가실 분
• 활발한 소통 및 토론을 통한 의사결정이 가능하신 분
• 업무 History 및 노하우를 기록하고 이를 공유할 수 있는 분
• 도전과 변화에 유연하게 대응하며 빠르게 적응할 수 있는 분
• 안주하지 않고 끊임없이 성장/발전하고자 하는 자세를 갖추신 분
• 조직의 방향성과 목표에 공감하여 공헌할 수 있는 분","우대사항
• 분석을 통해 전략 수립이나 컨텐츠 개선 요소 발굴 경험이 많고 노하우를 보유하신 분
• Product, Business, Marketing, 사업전략 등 다양한 주제의 분석 경험이 있으신 분
• A/B test 실험설계 및 실행, 사후 성과측정의 전체 과정에 있어서의 경험과 노하우를 보유하신 분
• Cloud환경(GCP)에서 DW 활용 경험이 있으신 분
• Amplitude, Hackle 활용 경험이 있으신 분
• 통계 이론 지식을 실무에 적용하기에 능하신 분
• 데이터 엔지니어링 지식과 경험이 풍부하신 분
• Business 이해도를 바탕으로 DM 설계 경험이 있으신 분"
Data Scientist,앰버로드,서울 강남구,경력 2년 이상,"주요업무
• 제조 데이터 분석 수행
• 제품 고도화를 위한 연구 수행","자격요건
• 데이터분석을 통해 양질의 인사이트를 도출하시는 분
• 팀으로 움직일 때 능력 발휘를 더 잘하시는 분
• 문제해결 능력과 커뮤니케이션이 원활하신 분
• 논문(영문)을 이해하고 요약 정리하는데 어려움이 없는 분
• 다른 직군과 협업을 통해 문제를 정의하고 해결책을 찾을 수 있는 분
• 남성의 경우 군필","우대사항
• 유관분야 석사 이상
• 논문 및 특허 작성 경험
• Kaggle, Dacon 등 Competition 경험자 및 우수 기록 보유자
• 다양한 형태의 데이터 전처리 ~ 분석 결과 도출 프로젝트 수행 경험이 있는 분"
데이터 분석가/그로스해커(부산),페이타랩(패스오더),부산 부산진구,신입-경력 10년,"주요업무
【 페이타랩 그로스해킹팀 】

그로스해킹팀은 패스오더를 쓰는 유저와 사장님들이 패스오더의 가치를 경험하고, 더 잘 사용하도록 하기 위한 CRM(고객관계관리)을 하고 있어요. 수단과 방법을 가리지 않는 실험과 끊임없는 검증으로 프로덕트의 성장을 이끌어내요.

감이 아닌 데이터 기반으로 의사결정을 할 수 있도록 데이터가 흐르는 조직을 만드는 것이 목표에요. 그로스해킹팀에는 비즈니스 성장을 위해 사용자 입장에서 늘 고민하고, 누구보다 패스오더에 대해 잘 아는 전문가들이 모여있어요.


【이런 내용을 함께 알려주시면 좋아요!】

• 데이터를 추출하고 분석해 본 경험에 대한 자세한 설명과 구체적인 자료가 포함된 포트폴리오 또는 경력기술서를 제출해 주세요.
• 데이터 분석으로 액션을 제시하거나 프로젝트를 진행한 경험이 있다면, 문제정의-가설설정-실험설계-결과의 과정을 알려주세요.
• 데이터 분석가(그로스해커)로서 어떤 생각과 가치관을 갖고 계시는지 궁금해요.
• 아래의 사전질문에 대한 답변을 이력서와 함께 제출해주세요.
- 페이타랩에 지원하는 이유는 무엇인가요?
- 페이타랩에 입사 시 어떤 방식 및 계획으로 업무를 진행하고 싶으신가요?


【오시면 이런 업무를 하게 되실 거예요!】
• 패스오더 사용자(패써)와 사장님(파트너)의 데이터를 분석해 유용한 인사이트를 제공해요.
• 고객 세그먼트를 정의하고, 각 세그먼트의 특성에 맞는 마케팅 전략을 세워요.
• 고객 구매 여정을 분석해 이탈 요인을 찾아내고, 퍼널을 최적화할 방안을 제안해요.
• 신규 서비스 런칭 시 사전 시뮬레이션을 진행하고, 이후 성과를 추적해요.
• 구성원이 데이터에 기반해 의사 결정을 하고 인사이트를 얻을 수 있도록 데이터를 지원해요.","자격요건
【이런 분을 찾고 있어요!】
• 데이터 분석의 목적을 이해하고, 유의미한 인사이트를 도출한 경험이 있으신 분
• 분석한 데이터를 상대방에게 효과적으로 전달하기 위해 고민하고, 문서화와 커뮤니케이션에 능숙하신 분
• 통계와 마케팅에 대한 기본적인 이해가 있으신 분
• AARRR 모델, 퍼널 분석, 코호트 분석 등 그로스 해킹 지표와 분석 방법을 이해하시는 분
• O2O 플랫폼에 대한 이해도가 높으신 분
• SQL과 Python을 능숙하게 다루실 수 있는 분","우대사항
【이런 분이면 더 좋아요!】
• 대용량 데이터를 처리하거나 데이터 파이프라인을 구축한 경험이 있는 분
• 개발자/마케터 등 관련된 직군과 협업 및 커뮤니케이션을 원활히 할 수 있는 분
• 기존의 프로세스를 개선하고 자동화하여 업무효율성을 높인 경험이 있는 분
• 지원 시 페이타랩 사전질문에 대한 답변을 함께 보내주시는 분"
데이터분석컨설턴트,콘센트릭스서비스코리아CATALYST,서울 강남구,경력 5-12년,"주요업무
- 시의성을 고려한 분석 토픽 발굴
- 분석 토픽에 맞춰 분석 스토리라인 구성
- Tool(Sprinklr, 소셜리스닝 등)을 활용한 데이터 스크리닝을 기반으로 분석 가설 수립
- Tool(Sprinklr, 소셜리스닝 등)을 이용한 탐색적 데이터 분석(Exploratory Data Analysis) 수행 및 Insight 발굴
- 발굴된 Insight를 기반으로 가설을 검증하고 최종 분석 결론 도출
- 분석 결과의 보고서화 및 Communication","자격요건
- Consultancy를 바탕으로 한 문제해결 및 Communication 역량
- 데이터의 특성과 흐름을 식별할 수 있는 데이터 문해 역량
- EDA를 위한 Tool 사용 역량(Excel 포함 1개 이상)
- PPT를 활용한 보고서 작성 역량
- 영어 커뮤니케이션 가능","우대사항
- 고급 통계적 분석 기법을 활용한 분석 역량(우대사항)
- 리서치 기반, 인사이트 분석 경험자
- 프로젝트 리딩(PM이나 PL) 경험이 있는 분

※ 장애인은 채용시 관련법령에 의해 우대합니다"
빅데이터 분석 및 알고리즘 모델링 리더,인튜브,서울 강남구,경력 5년 이상,"주요업무
ㆍ대규모 데이터셋을 기반으로 한 데이터 분석 및 알고리즘 모델링
ㆍLLM 등 최신 AI 기술을 활용한 데이터 처리 및 분석
ㆍ팀 리딩 및 프로젝트 관리
ㆍ비즈니스 목표 달성을 위한 분석 전략 수립 및 실행
ㆍ모델링을 통해 예측 분석, 최적화 솔루션 제공
ㆍ빅데이터 플랫폼 아키텍처 설계 및 구현","자격요건
ㆍ학력 : 학력무관
ㆍ경력 : 5년 이상
ㆍ스킬 : Python, SQL, NoSQL, Restful API","우대사항
ㆍ통계분석·리서치 능숙자
ㆍ관련 학과 전공자
ㆍ관련 자격증 보유자
ㆍ데이터 엔지니어링 및 ETL 파이프라인 구축 경험
ㆍ에듀테크 분야의 데이터 분석 경험"
[헬스케어] 보건의료통계 및 데이터 분석 전문가,메디에이지,경기 성남시,경력 3-5년,"주요업무
ㆍ 건강보험공단 DB, 웨어러블 디바이스 DB 등의 헬스케어(보건,의료 포함) 빅데이터 분석
ㆍ 고급통계분석 (생존분석, PCA, Regression 등)을 활용한 헬스케어 서비스 알고리즘 개발
ㆍ 당사 헬스케어 솔루션(생체나이, 위험도 모델)관련 신규 알고리즘 개발 및 관리
ㆍ 보험사, 헬스케어 업체 등 협력 업체 데이터 구축 및 분석","자격요건
ㆍ학력 : 대졸 이상 (4년)
ㆍ경력 : 3년 이상
ㆍSAS, R, Python, SPSS 등 통계 프로그램 가능하신 분
ㆍ건강보험공단 데이터, 의료 검진 데이터 등 빅데이터 분석 경험 있으신 분
ㆍ고객관점에서 새로운 서비스를 직접 만드는 경험을 원하시는 분","우대사항
ㆍ통계학/보건학/수학/간호학 전공자
ㆍ건강보험공단 DB를 활용한 모델링 개발 경력 있으신 분"
"[쿠팡] Manager, Data Analyst (Coupang Ad)",쿠팡,서울 강남구,경력 7년 이상,"주요업무
Coupang Ads의 Manager, Data Analyst 로서 다음의 업무를 담당하게 됩니다.
• 쿠팡 광고 그룹(Coupang Ads)의 데이터를 활용하여 매출 증대를 위한 데이터 분석 및 Business Insight 제공
• 프리미엄 광고주에게 제공되는 광고 퍼포먼스 대시보드를 기획/관리
• 광고주의 비즈니스 질문에 다양한 각도로 고객 행동 데이터 분석을 통한 Custom Insight 리포트 제공
• 고객 Segment 분석의 고도화를 위한 다양한Feature 분석 및 개발","자격요건
• 학사 이상의 학위를 보유하고 수학, 통계 등 관련 전공 이수
• 8년 이상의 데이터 분석 및 실무 경력 보유
• SQL + (R 혹은 Python)을 활용하여 데이터 가공/추출/분석/리포팅에 능숙하신 분
• 다양한 분석기법을 가지고 가설 수립 및 검증하고, 그 결과를 근거로 논리적 추론 및 인사이트 도출하여 문제를 해결해본 경험이 있으신 분
• 여러 유관부서와 협업하여 본인의 분석결과를 바탕으로 데이터 기반의 커뮤니케이션 및 제안 등 액션까지 프로젝트를 주도적으로 이끌어본 경험이 있으신 분
• 팀의 매니저로 팀원들의 방향을 가이드 하고, 팀원들이 성장할 수 있도록 매니징 가능하신 분","우대사항
• 데이터 시각화 툴(e.g. Tableau, Power-BI) 활용 경험이 있으신 분
• 데이터 분석 기반의 비즈니스 컨설팅 경험 있으신 분
• 비즈니스 영어 가능하신 분"
[쿠팡] Staff Data Analyst (Coupang Ads),쿠팡,서울 강남구,경력 8년 이상,"주요업무
Coupang Ads의 Lead Data Analyst로서 다음의 업무를 담당하게 됩니다.

• Coupang Ads 그룹의 데이터를 활용해 신규 고객 확보 및 초기 성공률을 향상시키기 위해 데이터 분석 및 비즈니스 인사이트를 제공합니다. 비즈니스 질의에 대응하고, 의사 결정을 내리며, 운영 개선을 위한 제안 사항을 개발하기 위해 실행 가능한 인사이트 생성 노력을 주도합니다.
• 비즈니스 인텔리전스, 시각화 전략 및 로드맵을 정의하고 추진합니다.
• 비즈니스 운영 개선 및 전략 변경을 주도하기 위해 데이터 기반 스토리텔링 및 영향력을 활용해 시니어 리더십에 분석 및 권장 사항을 발표합니다. 결론을 뒷받침하는 증거와 함께 명확한 내러티브를 작성할 수 있는 뛰어난 능력을 보유합니다.
• 주요 비즈니스 이해관계자와 협업해 요구 사항을 파악하고 분석 솔루션을 적극적으로 개발함과 동시에 사용자 팀과 채택률을 높이는 접근 방식을 파악합니다. 이해관계자와 협력하고 협업해 현재와 미래의 정보 니즈를 파악, 예측하며 이에 대응합니다.
• 주요 비즈니스 지표 생성을 주도하고, 자동화된 대시보드와 셀프 서비스 분석 기능의 비전과 구축을 추진하며, 비즈니스 가치를 창출하는 데이터 기반 프로세스를 설계, 구축합니다.
• 주요 비즈니스 결정을 내리기 위해 사용중인 지표, 리포트, 분석, 대시보드 등의 설계, 개발, 유지, 자동화를 담당합니다.
• 비즈니스 팀의 활동 우선순위 결정을 지원하기 위해 예측 분석을 개발하고, 시간의 흐름에 따른 제안 사항의 영향 및 증분을 측정하고, 제안 정확성 개선을 위한 접근 방식을 개발합니다.
• 데이터 무결성, 테스트 설계, 분석, 검증, 문서화 등 보고 및 분석에서 모범 사례를 도입합니다.
• 주니어 팀원이 작업 우선순위를 결정하고 결과물의 품질과 실행 가능성을 확보할 수 있도록 지원합니다.","자격요건
• 학사 이상의 학위를 보유하고 수학, 통계학 등 관련 전공을 이수
• 8년 이상의 데이터 분석 및 실무 경력 보유
• SQL + (R 혹은 Python)를 활용하여 데이터 가공/추출/분석/리포팅에 능숙한 사람
• 데이터 시각화 툴(Tableau, Power-BI) 활용 경험이 풍부한 사람
• 다양한 분석 기법을 활용하여 가설을 수립하고 검증하며, 그 결과를 바탕으로 논리적으로 추론하고 인사이트를 도출하여 문제를 해결한 경험
• 다양한 이해관계자 및 조직과 협업해 프로젝트를 리드한 경험, 데이터, 인사이트, 대응 방법을 명확하게 커뮤니케이션한 경험 보유자
• 전반적인 팀의 로드맵과 일상적인 활동 및 주니어 팀원의 우선순위 설정 관리에 대한 경험
• 주니어 리소스의 역량 개발과 성장을 지원한 경험","우대사항
• 데이터 분석에 기반한 비즈니스 컨설팅 경험
• 데이터 사이언스 모델링 기법 경험
• 비즈니스 영어를 구사할 수 있는 사람"
Data Analyst,번개장터,서울 서초구,경력 3-6년,"주요업무
- 팀 내에서 스쿼드, 사일로 멤버들과 협업하며 목표 달성을 위한 데이터 분석가 역할을 수행해요.
- 번개장터 주요 피쳐와 서비스에 대한 도메인 이해를 기반으로 성장을 위한 기회를 발굴해요.
- 제품/비즈니스 측면에서 데이터에 기반한 의사결정을 내릴 수 있도록, 가설을 수립하고 데이터를 분석하여 인사이트를 찾아내요.
- 다양한 실험 과정에서 지표를 설계하고 분석하여 인사이트를 도출하며 서비스를 개선해 나가요.","자격요건
- 데이터 분석 관련 경험 최소 3년 이상 또는 이에 준하는 경험을 보유하신 분
- SQL을 활용하여 데이터를 추출하고 가공하는데 어려움이 없으신 분
- 가설을 검증하거나 분석 주제가 주어졌을 때, 분석 방향을 직접 기획하고 논리적으로 분석을 풀어나갈 수 있는 분
- 분석 결과를 명확하게 전달할 수 있는 커뮤니케이션 능력을 갖추신 분
- Redash, Tableau 등 BI Tool을 활용하여 대시보드 제작 및 인사이트 리포트가 가능하신 분","우대사항
- 중고거래, 이커머스에 대한 이해가 높거나 관심이 많으신 분
- 통계적 사고 기반의 풍부한 A/B 테스트 경험을 보유하신 분
- 그로스 해킹에 대한 이해가 있으신 분
- Python, R등을 활용한 데이터 분석 방법론에 익숙하신 분"
[UA팀] 모바일게임 데이터 분석가 (주니어),에임드,서울 서초구,경력 1-3년,"주요업무
• 데이터 기반의 게임 제작 및 사업 방향 의사 결정 지원
• 게임 지표 분석 및 개선을 위한 결론 도출
• 게임의 BM 고도화
• 게임 트렌드 및 시장 조사","자격요건
• 모바일 게임 업계에서 분석 또는 사업PM 경험이 6개월 이상이신 분
• SQL, Google BigQuery 등을 활용하여 데이터를 자유롭게 가공할 수 있으신 분
• 유관 부서와 원활한 소통을 위한 커뮤니케이션 능력을 보유하신 분","우대사항
• 모바일 게임 미드코어 장르 서비스 경험이 있으신 분
• 지표를 분석하고 결론을 도출하여 서비스 개선 경험을 보유하신 분"
제품 Data Analyst (Middle),바비톡,서울 서초구,경력 5년 이상,"주요업무
• Data-driven 의사결정을 내릴 수 있도록 정량적 수치와 분석 결과를 제공하고, 구성원들에게 Insight가 전달될 수 있도록 대시보드 및 리포트를 구성합니다.
• 목표로 하는 지표의 성장을 위한 임팩트 있는 가설을 설정하고, 이를 검증하기 위한 A/B 테스트 실험을 설계하며, 결과를 분석하여 전달합니다.
• Product Owner와 함께 서비스 및 전사의 방향을 결정하는 중요한 전략가로서의 역할도 수행합니다.
• 바비톡 사용자들이 경험하는 App의 UX 플로우 및 Funnel을 분석하여 개선점을 도출합니다.
• 제품 조직 뿐만 아니라, 마케팅, 운영팀, 영업팀 등 다양한 팀과의 협업을 통해 비즈니스 문제를 정의하고, 이를 해결하기 위한 가설을 수립합니다.

[업무환경]
• AWS S3와 Glue로 구축한 Data Lake를 활용합니다.
• 데이터 조회 및 가공은 Amazon Athena를 사용합니다.
• Amazon Quicksight와 Amplitude를 사용하여 서비스 주요 지표 및 성과 분석을 공유합니다.
• 핵클을 활용하여 AB 테스트를 진행합니다.","자격요건
• DA 경력 5년 이상 혹은 이에 준하는 실력
• 주제별 데이터 분석, 가설 수립, 성장 실험 등 데이터 분석과 관련한 높은 이해도를 갖춘 분
• 주어진 업무 외에 데이터 분석가로서 서비스에 기여할 수 있는 방법을 동료들과 논의하여 실행해 본 경험이 있는 분
• 담당 업무들 사이의 우선 순위를 정의하고 이해 관계자들과 협의를 원활하게 진행하실 수 있는 분
• Amazon Athena (또는 Trino), Google BigQuery, Amazon Redshift, Snowflake 를 통한 빅데이터 핸들링 역량 (SQL)
• 코호트 분석, A/B 테스트, Funnel 분석 등의 분석 방법론에 대한 이해 & 실무 적용 경험
• 모바일 서비스 데이터 분석 방법(Customer Lifetime Value, Retention, Cohort Analysis 등)에 대한 높은 수준의 이해
• Amplitude, Google Analytics, Firebase 등의 로그분석 툴 사용 경험","우대사항
• Lean Startup 및 Agile 조직 경험이 있으신 분
• 데이터 시각화(Tableau, Amazon Quicksight 등)에 대한 풍부한 경험이 있는 분
• Python, R 등을 활용한 데이터 분석에 대한 이해도가 높으신 분
• Spark 등을 활용한 데이터 적재 및 가공에 대한 이해도가 있으신 분"
Data Analyst,토스뱅크,서울 강남구,경력 3-15년,"주요업무
- 토스뱅크의 서비스/제품을 이용하는 모바일 유저들의 금융거래 및 행태 Data를 정제/가공/적재하며, 스쿼드에서 Data-driven 한 의사결정을 할 수 있도록 정량적 수치와 분석 결과를 제공해요.
- 목표를 달성하기 위한 지표와 가설을 설정하고, 이를 검증할 수 있는 다양한 A/B 테스트를 설계해 진행해요.
- 빠른 이터레이션을 통해 이슈를 해결하고 서비스를 고도화하여 유저들에게 최고의 경험을 선사해요.
- Product Owner와 함께 서비스 및 전사의 방향을 결정하는 중요한 전략가로서의 역할도 수행해요.
- 기본적으로는 소속 스쿼드의 서비스/제품 분석을 하고 있지만, 더 다양한 팀과의 협업을 통해 전사 차원의 관점에서 제품의 효율성, 비용 및 비즈니스 프로세스 등을 평가하여 제품 간 Cross Activation 영향도, 개선/성장 방향성, 프로젝트 우선순위에 대한 솔루션을 제공해요.","자격요건
- SQL을 활용하여 3년 이상의 데이터 분석 실무 경험이 있는 분이 필요해요.
- 원천 데이터 정제부터 문제 정의, 인사이트 도출 및 액션아이템 제시까지 데이터 분석 전반의 과정을 단독으로 수행할 수 있는 분이 필요해요.
- 최소 1개 이상의 데이터 시각화 툴(Tableau, Redash, Power Bi, 구글 데이터 스튜디오 등)을 능숙히 사용하실 수 있는 분이 필요해요.
- 모바일 서비스 데이터 분석 방법(Customer Lifetime Value, Retention, Cohort Analysis 등)에 대한 높은 수준의 이해도를 가지신 분이 필요해요.
- 비즈니스 성장을 위한 다양한 실험 및 가설 검증 경험이 있으신 분이 필요해요.
- 분석 결과를 명확하게 전달하는 의사소통 능력을 가지신 분이 필요해요.
- 데이터 마트 및 데이터 파이프라인 구축 또는 유저 행동 로그 설계 경험이 있다면 더 좋아요.
- Python 또는 R 등을 활용한 통계 분석 경험이 있다면 더 좋아요.","우대사항
[이력서는 이렇게 작성하시는 걸 추천해요]

- 특별한 양식이나 항목이 정해져 있지 않아요. 본인의 경험을 가장 잘 드러낼 수 있는 방식으로 작성해 주세요.
- 진행했던 프로젝트의 문제정의-가설설정-실험설계 및 검증-결과의 과정이 드러나면 좋아요.
- 데이터 분석으로 서비스 이용 유저에 대해 깊이 이해하고 이를 통해 액션을 제시하신 경험이 있다면 적어주세요."
데이터 비즈니스팀 팀장 (데이터 분석가),하쿠호도제일,서울 마포구,경력 6-10년,"주요업무
- 데이터 비즈니스팀 리드
- Data 분석 및 Lake 구축 및 운영 경험
- 고객 Segmentation 기획 및 설계
- 비즈니스 문제 해결을 위한 실험 설계
- 데이터 분석 결과를 바탕으로 실질적 액션 제안
- 데이터 기반 사고와 고객 Segmentation에 대한 광고 활성화를 위한 코칭 및 컨설팅","자격요건
ㆍ 학력 : 대졸이상
ㆍ 요구 능력 :

• (필수)데이터 관련 업무를 최소 6년 이상 전담하거나, 그에 준하는 실력이 있으신 분
• (필수) 광고관련 업종 종사 혹은 연관 직종 (마케팅 등)근무 경험이 있으신 분

(선택 및 우대사항)
• 모바일 서비스 데이터 분석 방법(LTV, AARRR, Cohort, Funnel 등)에 대한 높은 이해를 갖추신 분
• 온라인 광고 기술 및 솔루션에 대한 이해도가 높고, 유관 부서와 원활한 커뮤니케이션이 가능하신 분
• 데이터 분석 및 인사이트 도출에 능숙하고, 데이터 기반 플랫폼 기획 및 설계가 가능하신 분
• Python 등 기초적 개발 언어 지식 및 SQL 활용한 데이터 분석 능력 보유
• IT/DT 경험자","우대사항
- Cloud 관련 프로젝트 전략/구축/운영 경험자
- Cloud 관련 자격증 소유자(AWS, GCP, Salesforce 등)
- 마이데이터, CDP 관련 기획/구현/운영 업무 경험자
- 분류 분석을 위한 모델링 경험자
- 로그 수준의 데이터 수집/가공부터 분석까지의 전체 프로세스 경험자
- 웹/모바일 어플리케이션 분석 경험자"
Data Scientist (5년이상),피플리,서울 마포구,경력 5년 이상,"주요업무
[큐피커TFT 소개]

큐피커TFT는 피플리의 대표 플랫폼 서비스 큐피커를 운영하고 IT R&D를 수행하는 조직입니다.
전시 오디오가이드&티켓 플랫폼 큐피커를 운영하며, 전시 관람객과 문화예술 감상을 즐기는 고객을 위한 플랫폼 비즈니스를 수행합니다.
큐피커TFT의 Tech부문은 큐피커 클라이언트, 어드민 서비스의 고도화뿐만 아니라 sLLM 기술 기반의 지능형 도슨트 모델 R&D를 수행합니다.
지금 이 순간 관람객의 행태부터 미래 전시장에 올 모든 관람객까지도 반갑게 맞이할 수 있는 큐피커가 될 수 있도록 데이터 기반의 비즈니스 모델링과 파이프라인, 그리고 관람객 경험의 질적 향상을 위한 플랫폼 거버넌스를 구축하고 있습니다.

[주요 업무]
• 비즈니스 요구사항 분석
• 대용량 유물 및 작품 데이터 정제/가공
• VectorDB 기반 데이터 파이프라인 최적화를 위한 모니터링 환경 구성
• 고객 전시 데이터 소비 패턴 분석 기반 검색 서비스 반영
• 관람객 피드백 데이터를 기반으로 도슨트 응답의 만족도 분석
• 큐피커 데이터 관리 정책 위원회 참여","자격요건
• 해당직무 5년 이상 경력을 보유하신 분
• 개발언어: Python, SQL
• Sagemaker, BigQuery, databricks 등 상용 framework 사용 경험을 보유하신 분
• 통계 / 강화학습 기반 자연어 데이터 처리 모델링 프로젝트 경험을 보유하신 분
• Airflow, Hadoop, Kafka 등 분산 시스템 기반 데이터 에코시스템을 경험해보신 분
• 모델 서빙과 API 개발 경험을 보유하신 분
• (필수) 프로젝트 포트폴리오 제출","우대사항
• AWS 기술 스택 지식 (e.g., AWS Redshift, S3, EC2, Glue)
• ML 솔루션(학습, 튜닝, 추론 등) 호스팅 및 배포 경험
• 통계, 비즈니스 분석, 공학, 컴퓨터 과학 전공 또는 관련 교육 이수"
Data Scientist Part Leader,코그넷나인,서울 서초구,경력 8-15년,"주요업무
인공지능 기반 모델 개발, Fine-tuning, Prompt Engineering 리드
Pyton, HuggingFace, LLM 기술을 활용한 에이전트 AI 시스템 설계/개발
파트 내 Data Scientist 및 Data Annotator 업무 리드","자격요건
이공계 석사 이상 (이에 준하는 경력 8년 이상)
Deep Learning에 대한 전문적인 지식 및 논문을 읽고 구현할 수 있는 수준
Machine Learning / Deep Learning을 제품 혹은 서비스에 활용 경험
LLM 모델 활용, Fine-tuning, Prompt Engineering 통한 제품 구현 경험
인공지능 문제를 정의하고 정의된 문제의 해결법을 찾아가는 능력
모든 이해관계자와 효과적으로 소통하고 복잡한 기술적 세부사항을 명확하고 실행 가능한 통찰력으로 전달하는 커뮤니케이션 능력
제품 또는 서비스 구축 시 Integration 과정에서 유관 팀(개발팀, 딜리버리팀)을 리드","우대사항
Object Detection / Recognition / Segmentation 모델 개발 경험
빠르게 변화하는 환경에서 자율적으로 일하고 프로젝트를 이끌 수 있는 능력
도전력이 강하고 높은 수준의 적응력과 창의력 보유
AI 컨퍼런스 (NeurIPS, ICLR, AAAI, CVPR, KDD 등) 1저자 또는 교신저자 기재하신 분"
Onchain Data Analyst (퀀트 리서처),하이퍼리즘,서울 관악구,신입,"주요업무
• 알파 사전/사후 분석을 위한 시장 데이터 관리
• 듄을 활용한 온체인 데이터 가공 및 시각화","자격요건
• 아래 기술 스택 보유자
• Python 및 Typescript: 인하우스 툴 및 각종 스크립트
• Git, Docker, Dune

""주민번호, 현재 연봉 및 희망 연봉 등의 민감 개인정보는 삭제 또는 마스킹 후 제출해 주시기 바랍니다""","우대사항
• 솔리디티 스마트 컨트랙트 작성 능력
• 고도화된 온체인 거래를 위한 솔리티디 스마트 컨트랙트 배포 및 디버그"
시계열 데이터 분석 개발자,더블유지에스,경기 수원시,경력 1-10년,"주요업무
• 시계열 통계프로그램 개발","자격요건
• 경력 1년~10년 이하
• 중/상급 수준의 프로그램 언어 사용 능력(C++/C#)
• 정규직 (수습기간 3개월)","우대사항
• 프로젝트 리딩경험
• 병렬처리프로그래밍 / CUDA 경험
• PLC통신(MX Component, MC Protocol)
• SECS / GEM 프로토콜
• MES 개발 경험
• 리눅스에서 개발경험
• MongoDB 경험"
Data Analyst,클로버추얼패션(CLOVirtualFashion),서울 강남구,경력 3-10년,"주요업무
• Product/Business 성장을 위한 지표 설계 및 대시보드 개발
• Product/Business 문제 해결을 위한 실험 설계
• 핵심 지표 모니터링 및 지표 변동의 root cause 분석
• 데이터 분석 결과를 바탕으로 실질적인 액션 아이템에 대한 타 부서와의 협업
• 데이터 기반 사고와 실험 활성화를 위한 전사적인 코칭 및 컨설팅","자격요건
• 3년 이상 비즈니스 데이터 분석 경력
• SQL을 통해 쿼리를 작성하여 데이터 추출부터 분석까지 가능
• Tableau, Google Data Studio 등 BI 운영/사용 경험여러 서비스 데이터 분석 방법(e.g. LTV, AARRR, Cohort, Funnel, etc.)에 대한 높은 이해
• 수학적/통계적 지식과 높은 수준의 논리적 사고와 문제 해결 및 결과 도출 능력
• 실질적인 Action을 위한 데이터 분석 능력 및 Product/Business 관련 통찰력
• 논리적 추론결과를 가지고 기술 및 비지니스 측면에서 효과적으로 소통할 수 있는 능력
• 유창한 영어 커뮤니케이션 능력(Superior professional writing and communication skills in English.)","우대사항
• 구독 형태 비즈니스에 대한 이해도와 디지털 마케팅에 대한 이해가 높으신 분
• 로그 수준의 데이터 수집/가공부터 분석까지의 전체 프로세스를 경험한 분
• IT 혹은 agile한 업무 환경에서 일해본 경험이 있으신 분"
데이터 분석 엔진 개발 (6년이상),이글루코퍼레이션,서울 송파구,경력 6-10년,"주요업무
• ETL, CEP","자격요건
• 학력 : 초대졸 이상
• 경력 : 6년 이상
• JAVA 활용이 가능한 자
• Open source 활용 프로젝트 경험 보유자
• Data Warehouse 설계, 인프라 구축 등 엔지니어링 경험 보유자
• 해외여행에 결격사유가 없는 자","우대사항
• Kubernetes, Kafka 활용 프로젝트 유경험자
• In-memory / RDB / NoSQL 유경험자
• ETL, CEP 유경험자"
Data Analyst,엘박스,서울 강남구,경력 6년 이상,"주요업무
• 엘박스의 주요 프로덕트(판결문 검색 서비스, 엘박스AI, 법률분석, 엘파인드, 로웨이브)의 데이터 분석을 수행합니다.
• 인입 트래픽 분석, 검색 트래픽 분석, 서비스 activation별 이용 분석, Retention, Referral과 같은 유저 행동 패턴을 분석하고 액션 아이템을 도출합니다.
• 전사 분석을 통해 조직의 전략적 방향을 지원하고 성과를 측정하며, 전략 및 비즈니스 관점 의사 결정을 위한 인사이트를 제공합니다.
• 각 제품의 지표와 전사 매출 지표 사이의 상호 영향을 분석하고, 거시적 관점에서 변동 원인을 파악하고 매출을 예측합니다.
• BigQuery, Redash, Amplitude 등 BI Tool을 활용하여 KPI 및 주요 지표, 유저 행동을 트래킹하는 대시보드를 구축합니다.","자격요건
• 6년 이상의 SQL을 사용한 데이터 분석 업무 경험이 있는 분
• 데이터 파이프라인에 대한 이해도와 작업 경험이 있으셔서, 데이터 마트 구조를 체계화하고 관리할 수 있는 분
• 유저 행동 로그를 설계해보신 분
• 문제를 정의할 줄 알고, 문제 해결에 가장 빠르게 접근할 수 있는 가설을 세울 줄 아는 분
• 복잡한 데이터를 주도적으로 탐색하고, 탐색 과정에서 비즈니스 인사이트를 발견할 수 있는 분
• 팀과의 협업 및 커뮤니케이션 능력이 우수하여, 다양한 이해관계자와 원활하게 협력할 수 있는 분","우대사항
• 데이터 분석 조직을 리딩해본 경험이 있는 분
• 그로스 해킹에 대한 깊은 관심과 기본적인 이해를 가지고 계신 분
• Github으로 엔지니어와 협업을 해본 경험이 있는 분
• 법률 도메인과 같은 새로운 데이터를 익히는데 흥미를 느끼는 분"
"쿠팡 Manager, Data Analyst (Coupang Advertising)",쿠팡,서울 송파구,경력 5년 이상,"주요업무
담당 업무 :

Coupang Ads의 Manager, Data Analyst 로서 다음의 업무를 담당하게 됩니다.

쿠팡 광고 그룹(Coupang Ads)의 데이터를 활용하여 매출 증대를 위한 데이터 분석 및 Business Insight 제공
프리미엄 광고주에게 제공되는 광고 퍼포먼스 대시보드를 기획/관리
광고주의 비즈니스 질문에 다양한 각도로 고객 행동 데이터 분석을 통한 Custom Insight 리포트 제공
고객 Segment 분석의 고도화를 위한 다양한Feature 분석 및 개발","자격요건
자격 요건 :

학사 이상의 학위를 보유하고 수학, 통계 등 관련 전공 이수
8년 이상의 데이터 분석 및 실무 경력 보유
SQL + (R 혹은 Python)을 활용하여 데이터 가공/추출/분석/리포팅에 능숙하신 분
다양한 분석기법을 가지고 가설 수립 및 검증하고, 그 결과를 근거로 논리적 추론 및 인사이트 도출하여 문제를 해결해본 경험이 있으신 분
여러 유관부서와 협업하여 본인의 분석결과를 바탕으로 데이터 기반의 커뮤니케이션 및 제안 등 액션까지 프로젝트를 주도적으로 이끌어본 경험이 있으신 분
팀의 매니저로 팀원들의 방향을 가이드 하고, 팀원들이 성장할 수 있도록 매니징 가능하신 분","우대사항
우대 사항:

데이터 시각화 툴(e.g. Tableau, Power-BI) 활용 경험이 있으신 분
데이터 분석 기반의 비즈니스 컨설팅 경험 있으신 분
비즈니스 영어 가능하신 분"
Data Scientist,한국그린데이터,서울 서초구,경력 3-7년,"주요업무
• 데이터 품질을 평가하고, 누락된 값이나 이상치를 처리하여 데이터를 정제
• 데이터를 구조화하고 표준화하여 분석에 적합한 형태로 가공
• 비즈니스 문제에 대한 분석 방법을 결정하고, 적절한 분석 기법을 제안
• 통계적 분석, 머신 러닝, 딥 러닝 등의 기법을 활용하여 데이터를 모델링하고 예측 모델을 개발
• 비즈니스 팀과 협력하여 데이터 분석 결과를 해석하고, 의사 결정에 활용할 수 있는 인사이트를 제공
• 비즈니스 요구 사항을 이해하고, 데이터 분석과 모델링을 통해 비즈니스 문제를 해결하고 최적화하는 솔루션을 제안
• 데이터 분석 및 머신 러닝 기술과 도구의 최신 동향을 조사하고, 새로운 기술을 습득하여 업무에 적용
• 데이터 분석 프로세스의 효율성을 개선하기 위해 자동화 및 최적화 방법을 연구하고 적용","자격요건
• 학사 학위 이상의 데이터 사이언스, 통계학, 컴퓨터 공학, 물리학, 수학 등과 관련된 전공
• 데이터 분석 및 모델링에 대한 깊은 이해와 경험
• 데이터 처리 및 분석을 위한 프로그래밍 언어 (Python, R 등) 능숙한 활용 능력
• 데이터베이스 쿼리 언어(SQL)에 대한 이해와 경험
• 머신 러닝, 딥 러닝 기법에 대한 이해와 경험","우대사항
• 에너지 플랫폼 서비스의 데이터 분석 및 모델링 업무를 담당해본 경험
• AWS, GCP 등 클라우드 서비스를 사용해보신 분
• 기존 프로덕트 내 문제를 파악하고 지표를 정의하여 분석해본 경험
• AI모델 서비스를 위한 파이프라인을 운영해본 경험
• 팀에서의 협업 능력과 프로젝트 관리 경험"
데이터분석가 (병역특례_현역/보충역),넛지헬스케어(캐시워크),서울 강남구,신입,"주요업무
ㆍSQL을 사용한 데이터 추출 및 전처리를 통한 지표관리
ㆍ데이터 시각화 및 대시보드 (Tableau/Redash 등) 운영 및 제작
ㆍ분석 요건 기획 및 데이터 수집 관리
ㆍ다양한 분야의 프로젝트 데이터 분석 업무
ㆍSQL, R, Python 등을 통한 데이터 분석 자동화 업무","자격요건
ㆍ병역특례 대상자","우대사항
ㆍ통계/컴퓨터/수학을 전공하신 분"
데이터분석가,넛지헬스케어(캐시워크),서울 강남구,신입-경력 3년,"주요업무
ㆍSQL을 사용한 데이터 추출 및 전처리를 통한 지표관리
ㆍ데이터 시각화 및 대시보드(Tableau 등) 제작 및 운영
ㆍ분석 요건 기획 및 데이터 수집 관리
ㆍ데이터에 기반한 가설 수립 및 검증
ㆍ각종 지표 정의 및 트래킹 자동화","자격요건
ㆍ석사이상의 학위수료자 必
ㆍ데이터 추출, 분석을 위한 언어(SQL, Python)를 능숙하게 다루는 분
ㆍ데이터 시각화 툴(Tableau)에 대한 기본 지식을 보유한 분
ㆍFunnel, AARRR, Cohort Analysis 등 데이터 분석 방법에 대한 지식과 경험이 있으신 분
ㆍ데이터에 기반한 가설을 세워 A/B Test를 설계하고 진행해보신 분
ㆍ마케팅 지표(first open, retention, conversion rate)에 대한 이해도가 높으신 분","우대사항
ㆍAWS(DynamoDB, EC2, RDS), GCP(BigQuery), Google Analytics 사용 경험이 있으신 분"
데이터 분석 담당자 (3년 이상),윌로그,서울 강남구,경력 3-6년,"주요업무
• 데이터 분석 전략 수립 및 분석
• 데이터 기반 의사결정 지원을 위한 인사이트 도출
• 데이터 모델링 및 분석 도구 개발 관리
• 데이터 사이언티스트 및 분석가와 협력하여 분석 프로젝트 수행
• 데이터 결과 분석 및 실행방안 제안","자격요건
• 통계학, 컴퓨터 과학 또는 관련 분야 학사 이상을 보유한 분
• 데이터 분석 및 모델링 분야에서 3년 이상의 경험이 있는 분
• SQL, R, Python 등 데이터 분석에 필요한 언어 능숙한 분
• AI/ML 기반 각종 모델 개발 및 운영 경험이 있는 분
• 리더십 및 팀 관리 능력이 뛰어난 분
• PO 및 엔지니어, 다른 디자이너와 협업하며 유연한 커뮤니케이션을 할 수 있는 분","우대사항
• 대규모 데이터셋 작업 경험이 있는 분
• 비즈니스 인텔리전스 도구(BI) 활용 능력이 뛰어난 분
• 데이터 시각화 도구(Tableau, Power BI 등) 활용 경험이 있는 분
• 영어 커뮤니케이션 능력이 뛰어난 분
• 주도적으로 업무를 수행하고, 책임감이 강한 분
• 물류, 운송 도메인 서비스 경험 혹은 그에 준하는 지식이 있는 분 (필수 아님)

＜ 채용절차 ＞
서류전형 - 1차 실무면접 - 평판조회/인성검사 - 2차 임원면접 - 채용검진- 입사

[ 함께 일하고 싶은 동료의 모습입니다. ]
• 무에서 유를 창조, 혹은 더 나은 서비스를 위해 이바지할 수 있는 본인만의 스킬이 있는 분
• 실패를 두려워하지 않고, 담대하게 시도하여 새로운 가치를 만들 수 있는 분
• 동료와의 협력, 협업을 통해 문제를 다뤄내는 데에 성취감을 느끼는 분
• 공동의 목표를 이루기 위해 저마다의 자리에서 개성을 발휘하고 싶은 분"
[빗썸] 데이터 분석 개발자,빗썸,서울 강남구,경력 4-12년,"주요업무
• On-premise 데이터 시스템 구축 및 관리
• 클라우드 기반 데이터 시스템 IaaS/PaaS 구축 및 관리
• 가상자산 관련 데이터 수집 ,가공 및 시각화
• 데이터 서비스 분석 및 설계, 개발, 관리
• 데이터 서비스 환경 고도화","자격요건
• 4년 이상의 금융(가상자산 포함) 혹은 대형 플랫폼 데이터 관련 업무 경력이 있으신 분
• 학사 이상의 학력을 보유하신 분
• 데이터 구조의 설계와 구축 경험이 있으신 분
• 대용량트래픽 시스템 구축 및 운용 경험이 있으신 분
• 개발 조직 및 기획자 협업을 통한 데이터 설계, 구축 및 서비스 관리 경험이 있으신 분","우대사항
• 데이터 파이프라인 구축 경험이 있으신 분
• 웹크롤링 / RESTful API 경험이 있으신 분
• 문제 분석과 해결에 대한 적극적 마인드를 보유한 분
• 고객 중심 사고, 데이터 기반 의사결정에 익숙한 분
• 다양한 직군과의 협업과 커뮤니케이션이 능숙한 분
• 관련 전공자이신 분

[채용절차]

• 서류전형 ＞ 1차 기술 인터뷰 ＞ 2차 임원 인터뷰 ＞ 최종합격

• 본 공고는 수시채용으로 진행되며, 채용 완료 시 조기에 마감될 수 있습니다.
• 서류전형 결과에 따라 Pre-Test(전화 인터뷰 또는 온라인 테스트)가 진행될 수 있습니다.
• 채용절차는 일정과 상황에 따라 사전 안내 후 변경될 수 있으며, 각 전형의 결과는 개별적으로 안내하여 드립니다.
• 입사 후 3개월의 수습기간을 적용하며, 평가 결과에 따라 수습기간이 연장되거나 채용이 취소될 수 있습니다.
• 지원서에 기재된 내용 중 허위 사실이 발견될 경우 채용이 취소될 수 있습니다.
• 국가 유공자 · 장애인 등 취업보호대상자는 관계법령에 따라 우대합니다.
• 당사 보안정책으로 인해 Notion 접근이 불가합니다. 포트폴리오를 Notion으로 제작한 경우에는 PDF 형식의 파일로 다운로드 받아 별도로 첨부 바랍니다."
[빗썸] 비즈니스 데이터 분석,빗썸,서울 강남구,경력 7-10년,"주요업무
• 성과 지표 관리
- 지표 설정, 분석 및 보고를 위한 모니터링 환경 고도화

• 데이터 분석을 통한 서비스 개선점 도출
- 거래 및 유저 로그 데이터 분석을 통한 인사이트 제공
- 거래소 서비스 내 다양한 문제 상황에 대해 데이터 기반 분석 수행 및 개선점 도출
- 서비스 분석 통한 경영진 의사결정 지원","자격요건
• 가설 및 지표를 설정하고 Action Item을 제안해 실제 서비스를 개선해본 경험이 있는 분
• 엑셀, SQL, Python을 능숙하게 다루실 수 있는 분
• 데이터 시각화 툴을 사용해본 경험이 있는 분 (ex. Tableau, Looker)
• 대규모 데이터 플랫폼을 활용해 데이터 전처리 및 분석을 수행해보신 분
• 데이터 분석을 통한 비즈니스 인사이트를 서비스 기획, 개발, 재무 등 다양한 부서에 이해하기 쉽게 설명할 수 있는 분","우대사항
• Google Analytics 및 BigQuery 활용 경험이 있는 분
• 온체인 데이터를 분석해본 경험이 있는 분
• Airflow 사용 경험이 있는 분

[채용절차]

• 서류전형 ＞1차 실무 인터뷰 (30분 코딩테스트 진행 예정) ＞ 2차 임원 인터뷰 ＞ 최종합격

• 본 공고는 수시채용으로 진행되며, 채용 완료 시 조기에 마감될 수 있습니다.
• 서류전형 결과에 따라 Pre-Test(전화 인터뷰 또는 온라인 테스트)가 진행될 수 있습니다.
• 채용절차는 일정과 상황에 따라 사전 안내 후 변경될 수 있으며, 각 전형의 결과는 개별적으로 안내하여 드립니다.
• 입사 후 3개월의 수습기간을 적용하며, 평가 결과에 따라 수습기간이 연장되거나 채용이 취소될 수 있습니다.
• 지원서에 기재된 내용 중 허위 사실이 발견될 경우 채용이 취소될 수 있습니다.
• 국가 유공자 · 장애인 등 취업보호대상자는 관계법령에 따라 우대합니다.
• 당사 보안정책으로 인해 Notion 접근이 불가합니다. 포트폴리오를 Notion으로 제작한 경우에는 PDF 형식의 파일로 다운로드 받아 별도로 첨부 바랍니다."
데이터 분석 담당자 리드 (10년 이상),윌로그,서울 강남구,경력 10-15년,"주요업무
• 데이터 분석 전략 수립 및 분석 팀 리드
• 데이터 기반 의사결정 지원을 위한 인사이트 도출
• 데이터 모델링 및 분석 도구 개발 관리
• 데이터 사이언티스트 및 분석가와 협력하여 분석 프로젝트 수행
• 데이터 분석 결과를 비즈니스 전략에 통합","자격요건
• 통계학, 컴퓨터 과학 또는 관련 분야 학사 이상을 보유한 분
• 데이터 분석 및 모델링 분야에서 10년 이상의 경험이 있는 분
• SQL, R, Python 등 데이터 분석에 필요한 언어 능숙한 분
• AI/ML 기반 각종 모델 개발 및 운영 경험이 있는 분
• 리더십 및 팀 관리 능력이 뛰어난 분
• PO 및 엔지니어, 다른 디자이너와 협업하며 유연한 커뮤니케이션을 할 수 있는 분","우대사항
• 대규모 데이터셋 작업 경험이 있는 분
• 비즈니스 인텔리전스 도구(BI) 활용 능력이 뛰어난 분
• 데이터 시각화 도구(Tableau, Power BI 등) 활용 경험이 있는 분
• 영어 커뮤니케이션 능력이 뛰어난 분
• 물류, 운송 도메인 서비스 경험 혹은 그에 준하는 지식이 있는 분 (필수 아님)

＜ 채용절차 ＞
서류전형 - 1차 실무면접 - 평판조회/인성검사 - 2차 임원면접 - 채용검진- 입사

[ 함께 일하고 싶은 동료의 모습입니다. ]
• 무에서 유를 창조, 혹은 더 나은 서비스를 위해 이바지할 수 있는 본인만의 스킬이 있는 분
• 실패를 두려워하지 않고, 담대하게 시도하여 새로운 가치를 만들 수 있는 분
• 동료와의 협력, 협업을 통해 문제를 다뤄내는 데에 성취감을 느끼는 분
• 공동의 목표를 이루기 위해 저마다의 자리에서 개성을 발휘하고 싶은 분"
데이터 분석가,카카오페이증권(kakaopay증권),경기 성남시,경력 7-15년,"주요업무
• 전사 차원의 넓은 관점으로 각 제품들의 상호작용 및 효율성을 평가 및 진단하여 전략 방향성을 설정해요.
• 고객 행태 데이터를 기반한 고객들의 특성을 발굴하고 세그멘테이션 분석을 통해 맞춤형 성장 전략을 설정해요.
• 고객들이 원하는 제품으로 거듭날 수 있도록 데이터 인사이트를 기반한 가설을 수립하고, 이를 검증할 수 있는 다양한 A/B 테스트 설계 및 분석을 통해 제품을 고도화해요.
• 고객 행태 데이터 분석을 통해 고객 여정(Customer Journey)을 발굴해나가고 이를 통해 고객 경험(Customer Experience)을 지속적으로 개선해 나갈 수 있도록 다양한 관점에서 데이터 인사이트를 제공해요.
• 고객과 제품간 상호작용의 전 단계를 데이터로 체계화하고 의미있는 지표를 찾아나가며 고객들의 니즈를 발굴해요.","자격요건
• 제품/서비스/마케팅 데이터 분석 7년 이상 경험하신 분, 혹은 그에 준하는 역량이 있으신 분을 찾고 있어요.
• SQL 또는 Python 을 활용하여 직접 데이터를 추출 및 분석 진행에 능한 분을 찾아요.
• 제품과 서비스의 성장을 위해 다양한 가설을 설정하고 A/B 테스트를 설계 및 진행하여 유의미한 결과를 도출해보신 분을 찾고 있어요.
• 고객 행태 데이터를 분석하여 고객들의 특성 또는 패턴을 발굴, 이를 서비스 개선에 접목해보신 분을 찾아요.
• 모바일 서비스 분석기법(AARRR, LTV, Funnel, Cohort Analysis 등)에 높은 수준의 이해도를 가지신 분을 찾아요.","우대사항
• 데이터 로그를 설계하고 이를 관리해보셨거나 GA, Amplitude 등 로그수집툴 활용 및 도입해보신 경험이 있으면 좋겠어요.
• 데이터 기반으로 마케팅 성과 및 서비스 품질 향상에 기여한 경험이 있으신 분이라면 좋겠어요.
• 데이터에 기반한 전략적 방향성을 적극적으로 제안하거나, 문제점을 도출하실 수 있는 분이면 좋겠어요.
• A/B 테스트 기반 가설검증 및 모바일 서비스 데이터 분석 방법(LTV, AARRR, Cohort, Funnel 등)을 깊게 활용한 경험이 있으신 분을 선호해요.


[채용 프로세스]
• 서류전형 - 과제전형 - 1차 현업 인터뷰- 2차 최종 인터뷰 - 레퍼런스체크 - 처우협의 - 입사일 조정"
시계열 데이터 분석 개발자 (신입),더블유지에스,경기 수원시,신입,"주요업무
• 시계열 통계프로그램 개발","자격요건
• 신입
• 중/상급 수준의 프로그램 언어 사용 능력(C++/C#)
• 정규직 (수습기간 3개월)","우대사항
• 프로젝트 리딩경험
• 병렬처리프로그래밍 / CUDA 경험
• PLC통신(MX Component, MC Protocol)
• SECS / GEM 프로토콜
• MES 개발 경험
• 리눅스에서 개발경험
• MongoDB 경험"
데이터 분석 리드,라포랩스(퀸잇),서울 강남구,경력 5년 이상,"주요업무
• 전사의 데이터 핸들링을 위한 전략을 수립하고, 분석을 총괄합니다.
• 데이터 분석가(PA, BA) 팀원을 리드합니다.
• 팀원들과 주기적인 1on1을 통해 팀원의 성장을 도울 수 있는 피드백을 제공하고, 데이터 조직의 생산성을 향상시킵니다.
• 전사에서 생성되는 모든 데이터 분석의 속도와 품질을 높일 수 있는 방법을 찾고 실행합니다.
• DE팀, ML팀 등과 협업하며 전사의 데이터 관리 및 거버넌스를 효율화 합니다.
• 전사적으로 임팩트를 낼 수 있는 데이터를 직접 분석합니다.","자격요건
• BigQuery, Looker Studio, SQL을 활용해 대용량 데이터를 직접 추출, 가공, 정제해 보신 분
• 중요한 지표들을 한눈에 파악할 수 있는 대시보드 제작 및 시각화가 가능하신 분
• 모바일 서비스 데이터 분석에 대해 높은 이해도를 가지신 분
• 데이터를 기반으로 적극적으로 제안하고 챌린징 하실 수 있는 분
• 팀원들의 성향과 커리어에 관심을 갖고 멘토링하며, 회사의 목표에 맞춰 함께 성장할 수 있는 방향을 고민할 수 있으신 분
• 다양한 분야(비즈니스, 기술, 법률, 정책 등)에 대한 폭넓은 관심과 이해를 바탕으로 문제를 해결할 수 있는 분
• 팀을 넘어 도메인/챕터 단위의 전략을 고민하고 실행해 본 경험이 있으신 분","우대사항
• 커머스의 데이터 분석 경험이 있으신 분
• 리더로서 조직을 이끌어 본 경험이 있으신 분"
[아정당] 콜센터 데이터 관리 및 분석 담당자 (DA/BA),아정네트웍스,서울 강남구,경력 3년 이상,"주요업무
■ 담당하시게 될 일을 소개합니다.
• CRM 데이터 관리 및 분석
• CRM 시스템 내 고객 데이터 관리 및 데이터 정합성 확보
• 데이터 수집 및 가공을 통해 콜센터의 운영 성과 및 KPI 모니터링 및 인사이트 도출
• 고객 분류 및 행동 분석을 통한 고객 경험 개선 방안 수립 지원
• 비즈니스 분석 및 보고서 작성
• 콜센터 운영 데이터 및 성과지표 분석을 통해 문제 해결 및 개선 방안 제안
• 주기적인 분석 리포트 작성 및 경영진 보고서 작성 지원
• 고객 이탈 예측, 성과 예측 모델링 등 데이터 기반 전략 개발과 프로젝트 및 프로세스 개선
• 콜센터 프로세스 효율성 개선 프로젝트 참여
• CRM 및 기타 데이터 시스템 개선 아이디어 발굴 및 운영 지원
• 다양한 부서와 협업하여 통합적인 콜센터 성과 향상 방안 기획 및 실행 지원","자격요건
■ 이런 분과 함께 일하고 싶습니다.
• 데이터 분석 도구(Excel, SQL, Python 등) 사용 능력
• CRM 데이터 관리 및 분석 경험
• 분석적 사고와 문제 해결 능력
• 보고서 작성 및 프레젠테이션 능력","우대사항
■ 이런 경험이 없으셔도 전혀 상관없습니다. 있으시면 너무 좋을 것 같습니다.
• 콜센터 또는 CRM 데이터 분석 경험자
• 데이터 시각화 툴(Tableau, Power BI 등) 사용 경험
• 통계 및 데이터 분석 관련 학위 또는 자격증 소지자"
[아정당] 데이터 애널리스트/ 데이터 분석가(마케팅),아정네트웍스,서울 강남구,경력 3년 이상,"주요업무
■ 담당하시게 될 일을 소개합니다.
• 마케팅 성과 분석 및 인사이트 발굴
• 마케팅 기존 프로세스 개선 및 신규 지표 개발, 관리
• 객관적 데이터 분석에 기반한 협업부서의 문제 해결 및 의사결정을 위한 분석
• 경영진 및 협업부서의 의사결정을 위한 비즈니스 인사이트 도출 및 시각화 리포팅","자격요건
■ 이런 분과 함께 일하고 싶습니다.
• 대졸 이상 / 경력 만 3년 이상
• 데이터 전처리, SQL, 빅쿼리, GA4, 데이터 시각화(태블로, 루커 등) 툴 활용 능력이 있으신 분
• 데이터를 다루는데 익숙하고, 데이터 시각화에 대한 경험이 있는 분
• 분석 결과를 효과적으로 전달할 수 있는 커뮤니케이션 역량을 갖춘 분
• 빠르게 변화하는 비즈니스 환경에 부합하는 업무 우선순위에 대한 판단력으로 멀티태스킹이 가능하신 분
• GA4, MMP, CRM 활용능력이 있으신 분","우대사항
■ 이런 경험이 없으셔도 전혀 상관없습니다. 있으시면 너무 좋을 것 같습니다.
• 데이터 드리븐 환경 구축 및 설계 경험이 있으신 분
• 의사결정권자에게 정기적으로 분석 리포트를 작성해본 경험이 있는 분
• 통계 모델링/수리 모델링 기반 분석 프로젝트 경험이 있는 분
• 관련 분야 재직 이력 또는 학위(전산, 통계, 머신러닝, 수학, 알고리즘 등)가 있는 분
• 그로스, CRM 디지털 퍼포먼스 마케팅 인사이트를 바탕으로 비즈니스를 성장시켜본 경험이 있으신 분"
데이터 분석가(DA) (2년차 이상),와이피랩스(커넥팅),서울 강남구,경력 2-15년,"주요업무
- 커넥팅 서비스 유저들의 행동 Data를 정제/가공/적재하며, 대시보드와 리포트 작성
- 프로덕트 팀이 Data-driven한 의사결정을 할 수 있도록 정량적 수치와 분석 결과를 제공
- 가설 검증을 위한 A/B 테스트를 설계하고 데이터 로깅 방식 제안
- 데이터 분석을 통한 A/B 테스트 및 스프린트 결과 인사이트를 도출 및 서비스 적용
- 프로덕트팀/마케팅팀/서비스 운영 팀 등 다양한 유관 부서와 협력 하며 비즈니스 문제 정의 및 해결을 위한 가설 수립","자격요건
- 최소 2년 이상의 데이터 분석 경력 혹은 그에 준하는 역량과 이해
- 커넥팅이 해결하려고 하는 문제에 깊이 공감하고, 이를 해결하기 위해 함께 고민하실 수 있는 분
- 공유와 소통의 중요성을 이해하고 실천할 수 있는 분
- 팀 플레이어로서 본인의 기준과 노하우가 있는 분
- SQL을 통해 데이터를 추출하고 정제할 수 있는 분
- 모바일 서비스 데이터 분석 방법(Customer Lifetime Value, Retention, Cohort Analysis 등)에 대한 높은 수준의 이해
- 지표의 성장을 위해 다양한 가설을 설정해보고 실험하여 직접 서비스를 개선해보신 분
- 사용자 Funnel 및 A/B 테스트에 대한 높은 이해도를 가지고, 이를 위한 데이터 설계 및 분석이 가능한 분","우대사항
- 제품 관련된 최상위의 의사 결정에 대한 갈증이 있으신 분
- 문제 해결을 위해 자신이 생각한 가설들을 마음껏 검증해보고 싶으신 분
- Agile 방법론 혹은 Lean Process에 대한 경험이 있으신 분
- Data Warehouse 구축 지식이나 경험이 있으면 좋아요.
- 데이터 시각화(Redash, Tableau, Superset 등)에 대한 경험이 있으면 좋아요.
- 비즈니스 레벨 이상 영어능력(Verbal/Written)"
"[산업기능요원(병역특례, 보충역)] 데이터 분석가(DA)",와이피랩스(커넥팅),서울 강남구,경력 2-15년,"주요업무
- 커넥팅 서비스 유저들의 행동 Data를 정제/가공/적재하며, 대시보드와 리포트 작성
- 프로덕트 팀이 Data-driven한 의사결정을 할 수 있도록 정량적 수치와 분석 결과를 제공
- 가설 검증을 위한 A/B 테스트를 설계하고 데이터 로깅 방식 제안
- 데이터 분석을 통한 A/B 테스트 및 스프린트 결과 인사이트를 도출 및 서비스 적용
- 프로덕트팀/마케팅팀/서비스 운영 팀 등 다양한 유관 부서와 협력 하며 비즈니스 문제 정의 및 해결을 위한 가설 수립","자격요건
- 최소 2년 이상의 데이터 분석 경력 혹은 그에 준하는 역량과 이해
- 커넥팅이 해결하려고 하는 문제에 깊이 공감하고, 이를 해결하기 위해 함께 고민하실 수 있는 분
- SQL을 통해 데이터를 추출하고 정제할 수 있는 분
- 모바일 서비스 데이터 분석 방법(Customer Lifetime Value, Retention, Cohort Analysis 등)에 대한 높은 수준의 이해
- 지표의 성장을 위해 다양한 가설을 설정해보고 실험하여 직접 서비스를 개선해보신 분
- 사용자 Funnel 및 A/B 테스트에 대한 높은 이해도를 가지고, 이를 위한 데이터 설계 및 분석이 가능한 분
- 산업기능요원(보충역/전직) 이 가능하신 분","우대사항
- 제품 관련된 최상위의 의사 결정에 대한 갈증이 있으신 분
- 문제 해결을 위해 자신이 생각한 가설들을 마음껏 검증해보고 싶으신 분
- Agile 방법론 혹은 Lean Process에 대한 경험이 있으신 분
- Data Warehouse 구축 지식이나 경험이 있으면 좋아요.
- 데이터 시각화(Redash, Tableau, Superset 등)에 대한 경험이 있으면 좋아요.
- 비즈니스 레벨 이상 영어능력(Verbal/Written)"
Senior/Staff Data Scientist - Growth Analytics,몰로코,서울 강남구,경력 5-20년,"주요업무
Moloco Senior Data Scientist - Growth Analytics contributes in the following areas, all while working cross-functionally to help meet our client’s needs and advance our machine learning models.

- Data Analysis: data gathering, analysis, and effective communication of presentations and recommendations to multiple levels of stakeholders. You’ll be responsible for creating custom visual displays of quantitative information through writing queries, and scripts, and developing automated reports and dashboards to provide insights at scale.

- Data validation: verifying the data we obtain from ad exchanges and mobile-app tracking solutions to confirm our campaign models are trained with the most accurate engagement data.

- Campaign optimization: engaging in the life cycle of campaigns, from monitoring daily performance to partnering with sales teams on bespoke analysis for clients.

- Business Collaboration: collaborate with key stakeholders to help Moloco focus on decisions that improve our products and services, with a focus on client growth.","자격요건
• Master's degree or equivalent practical experience.
• 5+ years of experience working with statistical packages (e.g., Python, SQL).
• Statistics: must have strong knowledge and experience in experimental design, hypothesis testing, and various statistical analyses such as regression or time-series analysis.
• Programming: experience in Python and SQL is required.
• Comfortable balancing multiple projects simultaneously and effectively prioritizing work based on business needs.
• Excellent verbal and written communication skills, with the ability to present information and analysis results effectively to technical and less technical stakeholders (including Moloco end clients).
• Ability to build positive relationships within the data science & analytics community, as well as with our business stakeholders and clients.,
• Work effectively with cross-functional and cross-cultural partners.
• Have an interest in data, metrics, analysis, and trends from the mindset of helping a customer-centric business. Know when to apply statistical measurement vs 80-20 analysis for business growth.
• Fluent in speaking and writing both Korean and English.","우대사항
• Ph.D. degree in a quantitative discipline.
• Ability to manage multiple projects at the same time while paying attention to detail.
• Distinctive problem-solving skills, good at articulating product and business questions, pulling data from large datasets, and using statistics to arrive at a recommendation.
• Proven ability to own projects end-to-end, even when you have to get creative: you do more than complete delegated tasks.
• Demonstrated leadership and self-direction. Willingness to both teach others and learn new techniques.
• Ability to seek out new business questions and effectively scope projects to support client growth, re-engagement, and overall campaign strategy and performance."
데이터 분석가(3년차),단색,서울 마포구,경력 3-4년,"주요업무
• 온라인 커머스 고객 데이터를 기반으로 데이터 추출, 분석하여 고객 행동에 대한 가설을 검증하고 분석된 결과를 통한 인사이트 도출
• 내부, 외부적인 데이터들을 활용해 데이터를 분석하고 서비스 현황 및 성과 분석을 위한 대시보드 설계 및 비지니스 성장을 위한 플랜 제안
•제품 판매량 및 생산 발주 주기를 기반으로 파생되는 데이터 축적 및 신제품 기획 및 개선 사항 제안 및 발주 시스템 설계
•판매 현황 및 성과 분석을 위한 KPI를 기획","자격요건
• 1년 이상 커머스 웹 기반으로 고객 행동 (DB,LOG) 데이터 분석을 통한 서비스 개선 경험
• 데이터 처리를 위한 언어 (SQL, Python 등) 2개이상을 사용 가능하신 분
• 사용자 행동 데이터 분석을 통해 인사이트를 얻고 개선점을 찾아 서비스 적용해본 경험이 있으신 분
• 빠르게 변화하는 환경에서 서비스에 대한 열정을 가지고 주도적으로 업무를 이끌어 가시는 분","우대사항
• 커머스 경험을 해봤거나 전반적인 이해가 가능하신 분
• 동료들과 원활한 협업 및 커뮤니케이션이 가능하신 분
• 주도적으로 업무를 수행할 수 있으신 분
• SQL, Python 언어를 활용한 데이터 프로세싱에 대한 이해도가 높으신 분
• 데이터 시각화에 대한 경험이 풍부하신 분
• 데이터 분석 관련학과(통계, 산업공학, 수학과 등) 석사 이상"
"[Coupang] Staff, Data Analyst (Eats Strategy)",쿠팡,서울 강남구,경력 6-20년,"주요업무
• 도메인 지식을 통해 Coupang Eats 전체조직(배달 운영부터 판매자 운영까지)에 걸쳐 다양한 프로젝트 진행 (다양한 분석툴 개발, 데이터기반 구축 등, 선도 프로젝트 포함)
• Coupang Eats의 전반적인 성장과 비지니스현황에 대한 오너십을 갖고, 이해관계자 및 비즈니스 리더와 협력하여 새로운 사업기회와 개선영역을 파악
• 비즈니스 요구와 우선순위에 대한 이해를 바탕으로 운영 및 판매자 데이터를 심층적으로 분석하고사업확장 방법을 파악
• 단순보고 및 데이터 시각화 업무부터, 고객의 행동 및 비지니스 동향을 파악하고 비지니스적 의사결정을 도울 수 있는 복잡한 모델생성 업무까지 다양한 프로젝트 진행
• 기술적인 부분을 모르는 이해관계자에게 분석결과를 효과적이고 간결하게 공유할 수 있는 커뮤니케이션 진행","자격요건
• Business Analyst, Data Analyst, FP&A, Data Scientist 등 데이터 분석 기술을 필요로하는 업무 약 5-8년 이상의 경험
• Excel, Tableau, Power BI와 같은 데이터 시각화 툴 5년 이상 사용 경험
• 대규모 사업부의 성과 및 분석 담당 경험
• SQL/HQL 전문지식과 ETL 및 dimensional modeling 경험
• 분석적이고 디테일에 강하며, 비즈니스 감각이 있으신 분
• 업무의 우선 순위를 효율적으로 정하고, 빠르고 역동적인 환경에서 효과적인 결과를 달성할 수 있는 역량 (멀티테스킹 역량)","우대사항
• 정량분야의 학사 (STEM, Finance, Economics, Statistics)
• 공학 및 비지니스 학위 (석/박사 or MBA)
• Python을 사용한 실무 경험자
• 이커머스, 음식배달업계, 또는 IT 산업 경험자
• 데이터 분석 관련 팀의 팀장 경험"
Senior Data Scientist - Ads Performance,몰로코,서울 강남구,경력 3-20년,"주요업무
• Data Analysis and research: analyzing a large dataset with queries and scripts, extracting valuable signals out of noise, and producing actionable insights into how we could complete and improve Moloco’s complex ML and bidding system.
• Simulation and Modeling: validating and quantifying the efficiency and performance gain from hypotheses through rigorous simulation and modeling.
• Experimentation and Causal Inference: developing a robust experiment design and metric framework, and providing reliable and unbiased insights for product and business decision making.","자격요건
• Bachelor’s degree in a quantitative discipline (e.g., Statistics, Operations Research, Bioinformatics, Economics, Computational Biology, Computer Science, Mathematics, Physics, Electrical Engineering, Industrial Engineering).
• 3+ years of work experience in data science-related fields or an advanced degree such as a Master’s or Ph.D. in a quantitative discipline with 2+ years of experience
• Distinctive problem-solving skills, good at articulating product questions, pulling data from large datasets, and using statistics to arrive at a recommendation.
• Excellent verbal and written communication skills, with the ability to present information and analyze results effectively.
• Ability to build positive relationships within DSA and with our stakeholders and work effectively with cross-functional partners in a global company.
• Statistics: must have strong knowledge and experience in experimental design, hypothesis testing, and various statistical analysis techniques such as regression or linear models.
• Machine Learning: must have a deep understanding of ML algorithms (i.e., deep learning, random forest, gradient boosted trees, k-means clustering, etc.) and their development, validation, and evaluation.
• Programming: experience with Python, R, or other scripting languages, and database language (e.g., SQL) or data manipulation (e.g., Pandas, Dplyr) are required.","우대사항
• Advanced degree such as Master’s or PhD in a quantitative discipline.
• Ability to manage multiple projects at the same time while paying attention to detail and translating analysis results into business recommendations.
• Proven ability to own projects end-to-end, even when you have to get creative: you do more than complete delegated tasks.
• Demonstrated leadership and self-direction. Willingness to both teach others and learn new techniques."
데이터 분석가,중앙일보,서울 마포구,경력 5-10년,"주요업무
• 문제 정의, 가설 설정, 실험 설계
• 분석 모델링 및 지표 분석, EDA
• 의사결정을 위한 인사이트 도출 및 리포팅
• 시각화툴을 활용한 대시보드 기획 및 제작","자격요건
• 비즈니스 문제 정의와 가설 수립 및 검증까지의 단계를 설계하실 수 있는 분
• SQL을 사용한 데이터 추출이 가능하신 분
• 통계 및 분석 기법을 활용하여 조직 내 Action plan 제시가 가능하신 분
• 분석 결과 전달을 위한 시각화 및 문서화 역량을 갖추신 분","우대사항
• 중급 이상의 통계학 및 수학 지식을 가지신 분
• 언론사 및 콘텐트 비즈니스, 미디어 업계에 대한 업무 경험을 가지고 계신 분"
마케팅 데이터 분석 담당자,넷마블,서울 구로구,경력 2년 이상,"주요업무
• 넷마블 게임 데이터를 활용한 고도화된 분석 서비스 개발
• 마케팅 목표 달성 및 효율 극대화를 위한 데이터 기반 맞춤 전략 수립
• 머신러닝 기반 마케팅 의사결정 지원 모델 구축
• 분석 결과를 대시보드로 시각화하여 마케팅 인사이트 제공","자격요건
• 통계학과, 수학과, 컴퓨터사이언스 등 관련 전공 석사 이상 보유자
(통계학, SQL, Python 관련 지식 보유자)","우대사항
• ML 또는 통계 기반의 데이터 분석 및 모델링 경험 보유자
• Tableau, Looker Studio, 퍼블릭클라우드(GCP, AWS, Azure) 경험자"
게임 이상탐지 데이터분석가,넷마블,서울 구로구,경력 1년 이상,"주요업무
□ 게임 이상탐지 서비스 개발
- 어뷰징 행위 탐지를 위한 게임로그 탐사분석
- ML 기반 어뷰징 행위 탐지 모델 구현
- 탐지 시스템 운영 효율화 및 고도화","자격요건
• ML 관련 분야 경력 1년 이상
• SQL, Python 사용 가능
• Tensorflow 또는 상응하는 라이브러리 활용 경험","우대사항
• 컴퓨터공학 또는 산업공학 관련 전공
• 클라우드 환경 경험"
[서울/3년 이상] 데이터분석팀 - 게임 데이터 분석가,트리노드,서울 강남구,경력 3-10년,"주요업무
• 게임 로그를 기반으로 한 데이터 분석 및 지표 설계
• 비즈니스 인사이트 발굴 및 제안
• 각종 예측 모형 개발 및 운영
• 머신러닝 및 데이터 시각화","자격요건
• 다양한 이해 관계자와의 원활한 소통을 통해 분석 요구 사항을 구체화하고 정리하는 능력
• 게임 또는 IT 기반 실무 데이터 분석 경험
• 통계 지식을 바탕으로 데이터 모델링, 지표 설계 및 검증 능력
• R, python, scala, sql 등을 활용한 데이터 클렌징, 핸들링, 추출, 분석 역량
• 주도적으로 가설 수립 및 실험 설계가 가능하고 효과를 검증하여 결론을 도출하는 논리적 사고 능력
• 다양한 데이터 시각화 도구(Tableau, Mixpanel 등)를 활용한 리포팅 경험","우대사항
• 데이터 마이닝 및 머신러닝 관련 지식 보유자
• 자신이 모르는 분야에 대한 학습에 대해 두려움이 없으신 분
• 대용량 데이터 처리 경험
• hadoop 및 eco system(spark, hive, impala 등) 활용 경험
• RDBMS 또는 NoSql 활용 경험
• BI 활용 경험
다양한 퍼즐 게임 경험"
[삼쩜삼] Data Analyst,자비스앤빌런즈(삼쩜삼),서울 강남구,경력 3-10년,"주요업무
• 삼쩜삼 프로덕트 전반에 대한 분석업무를 진행합니다.
• 통계, 머신러닝 등을 활용해 프로덕트를 개선합니다.

[합류시, 이런 성장의 기회를 만나볼 수 있어요.]
• 삼쩜삼의 2천만명이 넘는 회원이 만들어낸 방대한 데이터셋을 분석하며 분석역량을 강화할 수 있어요.
• 통계, 머신러닝 기술을 적용하여 프로덕트를 개선하고 새로운 피쳐를 만들어내는 경험을 할 수 있어요.","자격요건
• SQL로 원하는 데이터를 자유롭게 추출할 수 있는 능력
• 문제 해결 능력
-논리적 사고를 바탕으로 문제를 정의하는 역량
-명확하고 객관적인 결론 도출 능력
-분석 결과를 기반으로 액션 아이템을 제안하고 문제를 해결할 수 있는 능력
• 분석 결과를 쉽고 정확하게 전달하는 커뮤니케이션 능력
• 업무 요청에 적극적으로 대응하고, 주도적으로 업무를 이끌어 나갈 수 있는 태도
• 데이터 분석 3년 이상의 경력 또는 그에 준하는 경력","우대사항
• 기본적인 파이썬 활용이 가능한 분
• 퍼널, 코호트 등 유저 분석이 가능한 분
• 머신러닝에 대한 이해도가 있으신 분
• A/B 테스트에 대한 이해를 바탕으로 실험을 설계하고 결과를 해석할 수 있는 분
• 인과추론에 대한 이해도가 있으신 분

[삼쩜삼 데이터 분석 챕터는 이렇게 일하고 있어요.]
• DA 챕터는 프로덕트 조직에 속해있으며 프로덕트, 마케팅, 고객을 분석해 더 나은 서비스를 만들고 있습니다.
• 구체적으로는 OKR 지표 제안, 서비스 및 마케팅 지표 정의 및 트래킹, 인과관계 추론을 통한 서비스 및 정책 개선, 머신러닝 모델을 활용한 피쳐 개발 등 다양한 작업에 참여합니다.
• 구성원 간 수평적인 구조에서 자유롭게 의견을 논의합니다. 합의된 사항은 프로토콜로 만들어 함께 지키고 있습니다.

[삼쩜삼 데이터 분석 챕터가 속해있는 데이터 트라이브에 대해 소개해드려요.]

• 데이터 트라이브는 데이터 기반 의사결정과 성장을 지원하기 위해 데이터를 수집, 분석, 관리하고 있어요.
• 데이터 플랫폼 구축, 데이터 품질 관리, 분석 도구 제공을 통해 조직 전반에 걸쳐 효율적인 데이터 활용을 촉진해요.
• 이러한 노력을 통해 모든 팀이 신뢰할 수 있는 데이터에 기반한 인사이트를 얻고, 더 나은 비즈니스 결정을 내릴 수 있도록 지원하고 있어요.
• 또한 AI용 모델 개발과 ML/DL/LLM 인프라를 지원하여 모든 서비스 자동화를 가능하게 해요.

[서류는 이렇게 제출해 주세요.]
• 지원서류 : 자유양식의 국문 이력서(필수), 포트폴리오(필수)
• 포트폴리오 제출시 아래 내용이 포함되어 있으면 좋아요.
• 문제 정의, 가설 수립, 실험 설계, 결과 해석, 개선
• 제출하시는 서류는 원활한 검토를 위해 PDF 형식으로 제출해 주세요.
• 해당 공고는 수시 채용으로, 채용 완료 시 조기에 마감될 수 있습니다.
• 입사지원 서류에서 허위기재 사실이 발견될 경우, 입사가 취소될 수 있습니다.

[합류 여정에 대해 안내 드려요.]
• 서류 전형 - 1차 인터뷰 - 2차 인터뷰 - 최종 합격
• 지원자의 이력 및 경력 사항에 따라 일부 면접 과정이 생략되거나 추가될 수 있습니다.

[지원 시 참고해 주세요.]
• 해외여행 결격 사유가 있을 시, 입사가 취소될 수 있습니다.
• 필요시 회사는 귀하가 제공하시는 이력서를 기초로 평판조회(레퍼런스 체크)를 시행할 수 있습니다. 이에 동의하시는 경우 이력서를 제출해 주세요.
• 입사 후 3개월간의 온보딩(수습 기간)이 진행됩니다. 온보딩 기간 동안의 급여는 100% 지급됩니다.

[삼쩜삼의 다양한 서비스를 소개해 드려요.]

삼쩜삼
1) 삼쩜삼 환급
• 세무사의 도움 없이도 개인이 간편하게 종합소득세 신고를 하고, 최대 환급금을 받을 수 있도록 도와주는 대표 서비스에요.
2) 가족 환급
• 가족 구성원이 각각 개별로 종합소득세 신고할 때 보다 가족이 모여 함께 신고하면 '더 많은 환급금'을 만들 수 있어요. 수만가지 가족별 공제 조합을 계산해보고 최적 조합을 찾아내서 최대 환급금을 찾아주는 서비스를 만들고 있어요.
3) 종합소득세 정기/기한후 신고
• 종합소득세 신고가 필요한 고객과 세무 전문가를 위한 정기 및 기한 후 신고 서비스로, 복잡한 세금 신고를 간편하게 해결해드리는 서비스에요.
4) 부가가치세 정기 신고(사업자 고객)
• 부가가치세 신고 의뢰하는 사업자고객들을 위한 정기 신고 서비스에요.
5) 신규 서비스 발굴
• 고객의 일상에서 돈을 찾아주는 다양한 신규 서비스를 만들고 있어요. 예를 들어, 놓친 병원비를 찾아주는 서비스나 리워드 프로그램을 통해 고객이 실질적인 혜택을 받을 수 있도록 도와드려요.

TA(세무사 신고 서비스)
1) 부가가치세 정기 신고(세무 전문가)
• 부가가치세 신고를 처리하는 세무전문가를 위한 정기신고 서비스에요.
2)종합부동산세 경정청구
• 지난 5년간 납부한 종합부동산세의 과오납 여부를 검토하고, 환급받을 수 있는 경정청구 신고 서비스를 만들고 있어요.
3) 사업자 홈
• 사업자 고객이 사업을 운영하며 도움이 되는 모든 것을 맞춤으로 제공하는 서비스를 만들고 있어요.

글로벌
• 일본을 시작으로, 해외 근로자들이 놓친 세금 환급금을 찾아주는 글로벌 서비스를 만들고 있어요."
게임 데이터 분석 담당자,넷마블,서울 구로구,경력 2년 이상,"주요업무
• 게임 론칭 및 운영 분석 리포트 발행
• 게임 장르별 BM 분석 리포트 발행
• 게임 데이터 기반의 통계분석 및 예측모델 개발","자격요건
• 관련 분야 경력 2년 이상
• SQL, Python 사용 가능
• 게임 도메인 지식 보유
• 원활한 커뮤니케이션 능력","우대사항
• 컴퓨터공학 또는 산업공학 관련 전공
• 클라우드 환경 경험"
[채널톡] 데이터 분석가,채널코퍼레이션,서울 강남구,경력 2-8년,"주요업무
• 프로덕트/비즈니스 팀과 유기적으로 협업하며 목표 달성을 가능하게 하는 데이터 기반 인사이트를 제공합니다.
• 최적의 데이터 시각화 방식을 기획하고 팀의 무기가 될 대시보드를 제공합니다. 태블로, Redash, 구글 스프레드 시트를 주로 활용하고 개발팀과 협업해 접근성이 더 높은 내부 어드민툴에 녹이기도 합니다.
• 분석에 필요한 데이터는 가장 효율적인 방식으로 적재시킵니다. Big Query 기반의 분석용 데이터 마트를 기획하고 데이터 엔지니어링 팀과 협업하여 구현합니다.
• 수집되지 않고 있는 주요 데이터가 있다면 개발팀과의 협업 및 외부 툴 도입을 통해 데이터를 쌓습니다. Amplitude와 같은 유저 행동 분석 툴을 도입하여 트렉킹될 이벤트를 기획하고 대시보드를 제작합니다.
• 데이터를 기반으로 한 최적의 의사결정이 필요한 여러 팀들과 유기적으로 협업합니다. 그 중 세일즈팀, 마케팅팀, 프로덕트팀, 재무팀과의 협업이 많습니다.","자격요건
• 채널톡은 국내에서 독보적인 성장을 만들고 있는 B2B SaaS 서비스로, 레퍼런스가 없는 문제들을 계속 만나고 있어요. • 탁월한 문제해결을 위해서 무엇보다도 빠르게 제대로 배울 수 있는 분을 찾고 있습니다.
• 집요하게 파고드는 성향, 탄탄한 기초지식, 빠른 러닝커브를 갖추신 분
• 3년 이상의 데이터 분석 경력을 보유하거나 그에 준하는 경험 혹은 역량을 갖추신 분
• 높은 수준의 SQL 숙련도를 보유하신 분
• BI 도구(엑셀, Tableau, Redash 등)를 활용한 시각화 작업에 능숙하신 분
• 복잡한 현상에서 단순한 핵심을 찾아낼 수 있는 높은 수준의 논리적 사고력을 갖추신 분
• 대내외 협업 및 커뮤니케이션에의 탁월함을 갖추신 분
• 문제 해결에 있어 자기주도 임팩트를 만드는 것을 중요한 가치로 생각하시는 분","우대사항
• B2B SaaS 서비스 분석 경험이 있는 분
• 다양한 직군의 동료들과 함께 서비스나 업무 프로세스에 실질적인 변화를 만들어 본 경험이 있는 분
• Data Warehouse 구축 지식이나 경험이 있으신 분"
Data Scientist,여기어때컴퍼니,서울 강남구,경력 5-12년,"주요업무
• 데이터 및 머신러닝의 기본적인 이해와 통계적 지식을 바탕으로 비즈니스 현황 분석 및 인사이트 도출 지원
• 고객 행동 데이터를 분석하여 고객 이해도를 높이고, 프로덕트 및 마케팅 실행 방안 제안
• 통계적 접근 방식, 알고리즘, ML/DL, AI 도구를 활용한 추천/예측/타겟 식별 등 서비스 개선 과제 참여
• Data-Driven 의사 결정을 위한 지표 개발 및 데이터 시각화 툴 제공
• 다양한 부서와 협업하여 데이터 기반 솔루션 도출 및 비즈니스 문제 해결 기여
• 데이터 분석 및 머신러닝 관련 최신 기술 도입/적용","자격요건
• 통계 분석, 추천/예측 모델링, ML/DL 활용 등 5년 이상 데이터 분석 관련 영역 경험이 있는 분
• 퍼널 분석, 리텐션 분석, 코호트 분석 등 프로덕트 데이터 분석 방법에 대한 이해도가 높은 분
• 서비스 핵심 지표를 설정하고, 지표 성장을 위해 다양한 가설을 세우고 실험하여 직접 서비스를 개선한 경험이 있는 분
• 대규모 데이터 세트 관리, 패턴을 발견하기 위해 데이터 분석, 데이터 시각화 도구 사용 및 모델 생성 경험이 있는 분
• 유연성, 추진력 및 신뢰성과 같은 좋은 태도와 함께 비즈니스에 대한 이해가 높은 분","우대사항
• 데이터를 활용해 복잡한 문제를 해결하는 데 능숙한 분
• Tableau 등과 같은 보고 도구에 대한 깊은 이해 및 SQL, Python, R 등 분석 프로그램 활용에 능숙한 분
• 고객 행동 데이터 등 대용량 데이터 분석 및 활용 경험이 있는 분
• ML/DL을 활용한 모델 개발 및 모델의 실제 서비스 적용/운영 경험과 TensorFlow, PyTorch 등 모델링을 위한 프레임워크 활용 경험이 있는 분
• 데이터 분석, 머신러닝 경진대회 수상 경력을 보유한 분"
[워터] 데이터 분석,브라이트에너지파트너스,서울 종로구,경력 2-10년,"주요업무
•전기차 충전소 운영 데이터 수집, 정제 및 분석과 시뮬레이션
• 전기차 충전소 매출 및 사용 패턴 분석을 통한 인사이트 도출
• 경영진을 위한 전기차 충전소 운영 보고서 및 기타 시각화 자료 작성
• 데이터 시각화 도구 (Tableau, Power BI 등) 활용한 리포트 작성","자격요건
• 비즈니스 데이터 관리 및 분석 관련 경력 2년 이상
• 데이터 시각화 도구 사용 경험 보유 (Tableau, Power BI 등)
• Python, SQL을 적극 활용 가능하며, 다양한 형태의 데이터를 다룰 수 있는 역량과 경험
• 포트폴리오 제출 필수","우대사항
• 통계학 또는 데이터 사이언스 관련 학위를 보유한 분
• 실시간 데이터 처리 파이프라인을 설계 및 구축하고, 운영한 경험이 있는 분
• 데이터 분석을 통해 실제 서비스 가치 향상에 기여한 경험이 있는 분
• 다양한 직군의 동료들과 커뮤니케이션하고 협업하여 결과를 만들어 내실 수 있는 분
• 모빌리티 업계에 대한 관심이 높으신 분
• 전기차를 타시는 분"
금융 데이터 사이언티스트 / DATA SCIENTIST,앤톡(Antock),서울 성동구,경력 2-5년,"주요업무
수행업무 :

ML/DL 모델 구현 및 평가:
• 학습 및 평가 데이터를 설계, 구축하고, 이를 기반으로 자연어 처리(NLP) 모듈을 개발하여 기업 관련 문서에서 기술 키워드를 추출하는 알고리즘을 설계 및 구현

기술 키워드 추출 및 기업 발굴:
• 기업 관련 텍스트 데이터에서 주요 기술 키워드를 추출하고, 이를 통해 해당 기술을 보유한 기업을 발굴하는 작업

모델 성능지표 설계 및 자동화:
• 추출된 키워드의 정확도 및 효율성을 측정하기 위한 성능지표를 설계하고, 이를 기반으로 전체 모델 학습 및 평가 프로세스를 자동화

데이터 구축 및 운영:
• 기업 기술 정보와 관련된 데이터 구축 가이드를 작성하고, 이를 실제 운영 과정에 적용하여 데이터 품질을 지속적으로 관리

PoC(기술 검증) 참여:
• 다양한 금융 기관과의 기술 검증(PoC) 작업에 참여하여, 알고리즘의 실용성과 효용성을 확인

기업평가 모형 개발 보조:
• 기업 기술 분석 결과를 바탕으로 기업 평가 모형 개발을 지원


기술스택 :

• Tool : Python
• DBMS : SQL, MongoDB
• Library : NumPy, Pandas, Scikit-Learn, PyTorch, TensorFlow 등
• Skills : 자연어 처리(NLP), 머신러닝/딥러닝 모델 설계 및 구현, 데이터 전처리 및 분석","자격요건
• 학력 : 대졸 이상 (4년)
• 전공 : 데이터사이언스, 수학/통계학, 경영학, 공학 계열 등 유관 학위 소유자
• 기술 : Python, SQL
• 경력 : 2년 이상 (필수)","우대사항
• 인공지능(AI) 프로젝트 수행 경험(자연어 처리, 분류 알고리즘)
• 딥러닝 라이브러리 사용 경험(PyTorch, TensorFlow 등)
• NLP 논문 작성 및 구현 경험
• 모델 학습부터 배포까지의 파이프라인 구축 및 운영 경험
• DBMS : PostgreSQL, Oracle 활용 가능자
• 석사학위, 박사학위 수여자
• 빅데이터 분석기사, 데이터분석(준)전문가, SQLD, 신용분석사, 공모전 입상자, 영어능통자"
데이터 분석 담당자,패스트파이브,서울 강남구,경력 5-7년,"주요업무
① 데이터 수집 및 정제
• 내부 시스템 및 외부 소스에서 데이터를 수집하고, 분석 가능한 형태로 정제 및 가공합니다.
② 데이터 분석 및 인사이트 도출
• 탐색적 데이터 분석(EDA)을 통해 데이터의 패턴을 발견하고, 문제 정의 및 해결 방안을 도출합니다.
③ 데이터 시각화 및 리포트 작성
• 분석 결과를 이해하기 쉽도록 차트, 그래프, 대시보드 등을 통해 시각화하고, 주요 인사이트를 문서화합니다.
④ 비즈니스 문제 해결
• 데이터를 기반으로 비즈니스 문제를 정의하고, 이를 해결하기 위한 방안을 제시합니다.
⑤ 통계 및 예측 모델링
• 통계적 기법 및 예측 모델을 활용하여 비즈니스 의사결정에 필요한 정보를 제공합니다.
⑥ 이해관계자와의 소통 및 협업
• 제품 팀, 마케팅 팀, 경영진 등과 협업하여 데이터 분석 결과를 공유하고 의사결정에 기여합니다.","자격요건
• 관련 분야(통계학, 수학, 컴퓨터 공학, 경영학 등) 학사 이상의 자격을 취득하신 분
• 데이터 분석 관련 직무 경험이 5년 이상이신 분
• SQL을 사용한 데이터 쿼리 및 분석 능력을 보유하신 분
• Python 또는 R을 사용한 데이터 분석 경험이 있으신 분
• Tableau, Power BI, Looker 등 데이터 시각화 도구 활용 능력을 보유하신 분
• Excel을 활용한 고급 데이터 처리 및 분석 능력을 보유하신 분
• 회귀 분석, 가설 검정, 시계열 분석 등 통계적 기법에 대한 이해가 높으신 분
• 데이터 분석을 통해 비즈니스 문제를 해결한 경험이 있으신 분","우대사항
• Hadoop, Spark, AWS 등 빅데이터 플랫폼 경험이 있으신 분
• 머신러닝 모델 개발 경험이 있으신 분
• 비즈니스 도메인 지식에 대한 이해가 높으신 분
• 데이터 엔지니어링 역량이 높으신 분
*ETL 파이프라인 구축 및 데이터 워크플로우 관리 경험이 있으신 분
*데이터 웨어하우스 및 데이터 레이크 설계와 관리 경험이 있으신 분
*데이터 아키텍처 설계 및 최적화 경험이 있으신 분"
데이터 분석가/그로스해커(서울),페이타랩(패스오더),서울 강남구,신입-경력 10년,"주요업무
【 페이타랩 그로스해킹팀 】

그로스해킹팀은 패스오더를 쓰는 유저와 사장님들이 패스오더의 가치를 경험하고, 더 잘 사용하도록 하기 위한 CRM(고객관계관리)을 하고 있어요. 수단과 방법을 가리지 않는 실험과 끊임없는 검증으로 프로덕트의 성장을 이끌어내요.

감이 아닌 데이터 기반으로 의사결정을 할 수 있도록 데이터가 흐르는 조직을 만드는 것이 목표에요. 그로스해킹팀에는 비즈니스 성장을 위해 사용자 입장에서 늘 고민하고, 누구보다 패스오더에 대해 잘 아는 전문가들이 모여있어요.


【이런 내용을 함께 알려주시면 좋아요!】

• 데이터를 추출하고 분석해 본 경험에 대한 자세한 설명과 구체적인 자료가 포함된 포트폴리오 또는 경력기술서를 제출해 주세요.
• 데이터 분석으로 액션을 제시하거나 프로젝트를 진행한 경험이 있다면, 문제정의-가설설정-실험설계-결과의 과정을 알려주세요.
• 데이터 분석가(그로스해커)로서 어떤 생각과 가치관을 갖고 계시는지 궁금해요.
• 아래의 사전질문에 대한 답변을 이력서와 함께 제출해주세요.
- 페이타랩에 지원하는 이유는 무엇인가요?
- 페이타랩에 입사 시 어떤 방식 및 계획으로 업무를 진행하고 싶으신가요?


【오시면 이런 업무를 하게 되실 거예요!】
• 패스오더 사용자(패써)와 사장님(파트너)의 데이터를 분석해 유용한 인사이트를 제공해요.
• 고객 세그먼트를 정의하고, 각 세그먼트의 특성에 맞는 마케팅 전략을 세워요.
• 고객 구매 여정을 분석해 이탈 요인을 찾아내고, 퍼널을 최적화할 방안을 제안해요.
• 신규 서비스 런칭 시 사전 시뮬레이션을 진행하고, 이후 성과를 추적해요.
• 구성원이 데이터에 기반해 의사 결정을 하고 인사이트를 얻을 수 있도록 데이터를 지원해요.","자격요건
【이런 분을 찾고 있어요!】
• 데이터 분석의 목적을 이해하고, 유의미한 인사이트를 도출한 경험이 있으신 분
• 분석한 데이터를 상대방에게 효과적으로 전달하기 위해 고민하고, 문서화와 커뮤니케이션에 능숙하신 분
• 통계와 마케팅에 대한 기본적인 이해가 있으신 분
• AARRR 모델, 퍼널 분석, 코호트 분석 등 그로스 해킹 지표와 분석 방법을 이해하시는 분
• O2O 플랫폼에 대한 이해도가 높으신 분
• SQL과 Python을 능숙하게 다루실 수 있는 분","우대사항
【이런 분이면 더 좋아요!】
• 대용량 데이터를 처리하거나 데이터 파이프라인을 구축한 경험이 있는 분
• 개발자/마케터 등 관련된 직군과 협업 및 커뮤니케이션을 원활히 할 수 있는 분
• 기존의 프로세스를 개선하고 자동화하여 업무효율성을 높인 경험이 있는 분
• 지원 시 페이타랩 사전질문에 대한 답변을 함께 보내주시는 분"
Data Scientist,애자일소다,서울 강남구,신입-경력 20년,"주요업무
• 기업의 비즈니스 최적화 문제 해결을 위한 AI/ML 모델 개발 수행
• 데이터 분석 및 최적화 프로젝트를 통한 기업의 비즈니스 문제 해결 및 AI 컨설팅
• sLLM을 활용한 AI 서비스 구축","자격요건
• 컴퓨터 공학, 수학, 통계, 전자공학 등 AI 관련 전공자
• 수학, 통계, 컴퓨터공학 등 AI 관련 전공자 분
• ML/AI 알고리즘에 대한 이해 및 설명이 가능하신 분
• 데이터 전처리부터 모델 개발, 검증까지 전체 프로세스를 수행할 수 있는 분
• 문제 해결 능력과 분석적 사고력을 갖춘 분
• 원활한 커뮤니케이션 능력과 문서 작성 능력을 갖춘 분","우대사항
• 관련 분야 석/박사 학위 소지자
• 딥러닝 또는 머신러닝을 활용한 분석 과제 또는 공모전 수상 경험
• sLLM 기반 서비스 개발 및 RAG 관련 프로젝트 경험"
데이터 분석가,기어세컨드,서울 마포구,신입-경력 10년,"주요업무
• 데이터 기반의 의사결정에 필요한 직관적인 대시보드와 리포트를 만듭니다.
• 게임 데이터를 수집, 분석하여 게임의 여정을 다듬고 제품을 고도화할 수 있는 인사이트를 도출합니다.
• 빠른 속도로 호흡하는 게임의 라이프 타임 전반에 걸친 주요 데이터를 파악/수집/분석하고, 실제상황과 비교하여 프로덕트를 고도화할 수 있는 인사이트를 도출합니다.
• 목표 달성에 필요한 지표와 가설을 설정하고, 이를 검증할 수 있는 A/B 테스트를 진행합니다.
• 마케팅, 기획, 사업 등 다양한 분야와의 협업을 통해 KPI를 향한 문제 지점들을 정의하고, 솔루션을 제공합니다.
• 끊임없는 이터레이션, 더 정확하고 민첩한 시도를 통해 게임의 여정을 고도화하여 유저들에게 최고의 경험을 선사합니다.","자격요건
• SQL을 사용해 직접 데이터를 추출하고 정제해 보신 분
• Python, SQL, BI Tool(Superset, Data Studio(Looker Studio), Tableau 등) 활용 역량을 가지신 분
• 논리적인 사고를 바탕으로 문제를 정의하고 가설을 세워 A/B 테스트를 설계하고 진행해 보신 분
• 빠른 사고와 전략적인 의사 결정, 빠른 실행의 업무 방식을 선호하며 이에 능숙하신 분
• 문제에 대한 파악, 문제 해결을 즐기며, 빠른 성장 속도를 즐길 수 있는 분","우대사항
• SQL을 사용해 직접 데이터를 추출하고 정제해 보신 분
• Python, SQL, BI Tool(Superset, Data Studio(Looker Studio), Tableau 등) 활용 역량을 가지신 분
• 논리적인 사고를 바탕으로 문제를 정의하고 가설을 세워 A/B 테스트를 설계하고 진행해 보신 분
• 빠른 사고와 전략적인 의사 결정, 빠른 실행의 업무 방식을 선호하며 이에 능숙하신 분
• 문제에 대한 파악, 문제 해결을 즐기며, 빠른 성장 속도를 즐길 수 있는 분
• 모바일 게임 데이터를 다루고 분석한 경험이 있으신 분
• 데이터 기반 조직을 만들기 위해 인프라와 환경을 개선하는 데 관심 있으신 분

* 데이터 분석으로 서비스 이용 유저에 대해 깊이 이해하고 이를 통해 임팩트 있는 액션을 제시하신 경험이 있다면 포트폴리오에 첨부해 주세요!"
고객 데이터 분석 담당자,빗썸,서울 강남구,경력 3-7년,"주요업무
• 고객 데이터 분석","자격요건
• 데이터 분석 및 시각화 툴 사용에 능숙하신 분 (지원 시 사용 툴 및 활용도 기재 必)
• 다각화된 자료의 분석 및 결론 도출 역량이 탁월하신 분
• 데이터 분석 관련 업무 경력이 3년 이상이신 분
• 능숙한 협업 및 커뮤니케이션 역량을 보유하신 분","우대사항
• 자산운용사, 증권사, 평가사 등에서의 업무 경력을 보유하신 분
• 금융기관 투자자문, 대행 등 관련 자격을 취득하신 분
• 블록체인, 암호화폐 등에 대한 지식을 보유하신 분
• 지원 시 데이터 분석 포트폴리오 제출 가능하신 분"
[CVS] 데이터 분석가(Business Analyst),베이글코드(Bagelcode),서울 강남구,신입-경력 5년,"주요업무
* 이런 일을 함께하고 싶습니다.
• KPI 모니터링
: 업데이트 콘텐츠 및 마케팅 캠페인을 파악하고 이에 따른 Business KPI 설계
: KPI 변화 원인 조사
• 데이터 시각화
: Spark SQL을 이용한 게임 로그 데이터 핸들링
: 대시보드 구축 및 관리
• 게임 업데이트 성과 측정
: 유저 이탈, 게임 플레이 허들 등 문제 파악 및 개선 제안
: 새로운 콘텐츠 추가에 따른 KPI 영향 분석
: 콘텐츠 밸런스 조정 및 후속 조치 지원
• A/B 테스트
: A/B 테스트 설계, 수행 및 결과 분석
: 통계적 검정 수행 및 최적의 업데이트 방향 제안","자격요건
* 이런 역량을 가지신 분을 찾습니다.
• 지표의 흐름을 읽고 간결한 언어로 전달해 주실 수 있는 분
• 데이터를 활용해 효과적으로 이해관계자를 설득할 수 있는 분
• 논리적 사고와 수학적/통계학적 지식을 갖추고 그것을 잘 활용하시는 분
• 문제가 생기면 집요하게 원인을 추적하는 데이터 탐정","우대사항
* 이런 역량을 가지신 분을 우대합니다.
• 다양한 게임을 깊이 있게 즐기시는 분
• 게임을 비즈니스적인 시각에서 바라보실 수 있는 분
• SQL을 활용하여 생각하는 데이터를 추출할 수 있는 분
• Tableau와 같은 BI 툴을 이용한 데이터 시각화 경험이 있는 분
• 비즈니스 레벨 이상의 영어 능력을 보유하신 분
• 전산학, 컴퓨터공학, 산업공학, 통계학, 수학 등 관련 학위를 소지하셨거나 해당 분야에 대한 경험이 있는 분"
[글로벌보안본부] 데이터 분석가 (게임 이상탐지),넥슨코리아(NEXON),경기 성남시,경력 1년 이상,"주요업무
• 대용량 인게임 로그 데이터를 통해 라이브 게임의 이슈(작업장, 핵, 버그 등 다양한 이상 상황 및 어뷰징)를 분석하고 유의미한 인사이트와 피쳐를 도출합니다.
• 분석 결과를 기반으로 시계열 지표와 어뷰징 탐지 모델을 연구, 개발 및 운영합니다.","자격요건
• 통계, 데이터 분석, 머신러닝 관련 분야의 전문 지식 또는 그에 준하는 경험이 있으신 분
• 데이터 처리 및 분석을 위한 1개 이상의 언어 기반 숙련된 프로그래밍 역량을 갖추신 분
• 주도적으로 분석 가설을 세우고 검증하여 의미있는 결론을 도출했던 프로젝트 수행 경험이 있으신 분
• 이미 가공/집계된 Feature가 아닌 로그성 데이터를 다양한 방식으로 Feature Engineering 하여 분석해 본 경험이 있으신 분
• 셀프 모티베이션에 능숙하신 분","우대사항
• 이상 탐지 분야에 대한 경험 및 관심이 있으신 분
• 데이터 분석을 통해 서비스를 직접 개발 또는 개선해 본 경험이 있으신 분
• 게임 데이터에 대한 이해도를 갖추신 분"
데이터 분석가(Data Analyst),버즈빌(buzzvil),서울 송파구,경력 3-10년,"주요업무
[팀 소개]

버즈빌의 Data Analyst들은 비즈니스와 제품의 성공을 가속화하기 위해 일합니다. 중요한 의사 결정에 핵심 인사이트를 제공하여 목표 달성 확률을 높이며, 더 임팩트있고 빠르게 목표 달성해내기 위해 병목 현상을 사전 탐지하고 액션 조직의 방향성을 제시합니다. 데이터 분석팀은 전략 팀 산하 조직으로 사내 컨설턴트와 같은 역할을 수행하며 제품팀과 비즈니스팀 모두와 긴밀하게 커뮤니케이션하며 일하고 있습니다.

버즈빌의 데이터 분석팀은 개개인의 전문성을 키워나가는 기능 조직입니다. 중앙화된 데이터 분석 팀에서 일부 담당 사업부서를 지원하는 구조로 일하고 있습니다. 각 사업부에서 진행하는 모든 일을 분석하기보다는, 현재 시점에서 가장 중요한 문제를 선별하고, 그 문제의 솔루션을 데이터 중심으로 설명하여 제품팀과 비즈니스팀을 함께 움직일 수 있는 역량이 요구됩니다.

기술적으로는 월간 1,500만 명 이상의 활동 유저가 만들어내는 수백억 건의 로그 데이터를 직접 다룹니다. 현재 공용 기술 스택은 AWS S3, Athena, 그리고 Python notebook 환경입니다. 분석 BI Tool은 Tableau, Redash를 사용하고 있습니다. Analytics Engineer와 Data Platform 전문 멤버들이 있어, 분석가는 분석에 집중할 수 있는 환경이 갖춰져 있습니다. '범 버즈빌 데이터 그룹' 차원에서는 데이터 분석가뿐 아니라 사업부 임직원들의 Self BI를 추진하고 있으며, 전사 생산성 향상을 위해 DW/DM 운영 및 데이터 거버넌스 정책 수립이 진행되고 있습니다.


[직무 소개]

광고 지면 사업부의 데이터 분석가(Data Analyst)를 찾습니다.

버즈빌의 광고 지면 사업부는 각종 리워드 광고와 이벤트를 한 곳에 모은 혜택존(aka '베네핏 허브') 제품을 개발합니다. 이를 파트너사에게 커스터마이즈 가능한 형태로 제공하여 혜택존에서 발생한 수익을 배분하는 B2B2C 비즈니스를 운영합니다.

혜택존에 더 많은 유저를 유입시키고, 이 유저들이 정착할 수 있는 제품으로 고도화해나가며, 파트너사와 버즈빌 모두가 동반 성장하는 제품을 만들어나갑니다. 현재 버즈빌의 혜택존은 카카오뱅크, 카카오페이, 올웨이즈, 하나머니, OK 캐시백과 같은 대형 앱들에서 운영되고 있습니다.

아래의 역할을 전담하여 본 제품의 성공을 함께 만들어 나갈 분을 찾습니다:

• 데이터 탐색을 통해 서비스의 성장을 견인할 수 있는 문제 상황을 정의하고, 실행 가능한 액션 아이템을 제안합니다.
• 리더 그룹과 함께 주요 Output 지표들을 수립합니다.
• 제품과 유저에 대한 이해를 바탕으로 목표 달성을 위한 고관여 인풋 지표들을 발굴합니다.
• 중요한 의사 결정에 앞서 인과관계를 추론할 수 있는 테스트를 설계하고, 통계 분석 기법을 사용하여 결과를 해석합니다.
• 설정된 제품의 현황을 모니터링할 수 있는 대시보드를 구축 및 관리합니다.","자격요건
• 논리적이고 분석적인 사고력을 갖추신 분
• 데이터를 활용하여 문제를 정의하고 실질적인 액션까지 도출해 본 경험이 있는 분
• 제품과 시장의 변동성 속에서도 전략적 방향성을 찾아나가고, 조율하는 커뮤니케이션에 어려움이 없는 분
• SQL 상급 사용 능력과 Python(혹은 R 언어)을 사용한 데이터 분석에 불편함이 없는 분
• 데이터 분석(혹은 유관 업무) 경력 3년 이상이신 분","우대사항
• 버즈빌의 Mission & Vision에 관심을 가진 분
• 리워드를 기반으로 제품과 유저 인터랙션을 개선하는 기술 고도화에 관심이 있는 분
• B2B(혹은 B2B2C) 사업 모델에 대한 업무 경험이나 관심이 있는 분
• 모바일 광고 도메인에서의 업무 경험이나 관심이 있는 분
• 해외 컨퍼런스나 논문의 내용을 비즈니스 문제 해결 과정에 적용하는 것을 즐기시는 분
• 국내외 스타트업의 실무 아티클을 기반으로 버즈빌의 문제 상황을 비교·정의하고, 그 문제를 풀어나가는 과정을 즐기시는 분
• 대용량 데이터를 대상으로 분산 처리 환경에서 데이터 마이닝 혹은 통계적 분석을 수행해 본 경험이 있는 분"
[SWING] 데이터 분석가(Data Analyst),더스윙,서울 용산구,경력 3-10년,"주요업무
[DATA팀으로 합류하시면 아래와 같은 업무를 하시게 됩니다 :)]

• 여러 팀(운영, 개발, 마케팅 등)과 협력하여 비즈니스 목표에 맞는 데이터 분석 과제를 도출하고 해결
• 제품 및 서비스에서 생성된 방대한 데이터를 탐색적으로 분석하고, 문제 해결 및 성장을 위한 데이터 설계
• 데이터 분석을 통해 도출된 인사이트를 기반으로 다양한 가설을 정의하고 검증
• A/B 테스트 등 실험 설계 및 결과 분석을 통해 실질적인 비즈니스 성과로 연결
• 핵심 성과 지표(KPI)를 정의하고, 이를 추적하기 위한 시각화 도구(대시보드 등) 제작","자격요건
[아래와 같은 자격을 갖추신 분들을 찾고 있어요!]

• 1년 이상의 데이터 분석 경험, 실제 제품 또는 서비스 개선을 위해 데이터를 활용한 경험이 있으신 분
• 문제 해결을 위한 다양한 가설을 세우고, 이를 데이터로 검증해 본 경험
• 독립적으로 실험을 설계하고 결과를 분석할 수 있는 능력
• Python, SQL 등의 프로그래밍 언어 또는 데이터 도구를 능숙하게 다룰 수 있는 능력
• 데이터 기반 인사이트를 이해하기 쉽게 전달할 수 있는 뛰어난 커뮤니케이션 능력","우대사항
[필수 사항은 아니지만 아래의 요건을 갖추셨다면 더욱 좋습니다!]

• BigQuery 또는 SparkSQL을 활용한 데이터 분석 경험
• IoT 데이터, 위치 기반 데이터, 사용자 행동 데이터 분석 경험
• 모빌리티 서비스에 대한 관심 및 이해
• A/B 테스트와 인과 추론에 대한 통계적 이해"
Data Scientist,빅밸류,서울 중구,신입-경력 5년,"주요업무
• 데이터 파이프라인 설계
• 부동산 시세 알고리즘 연구개발
• 매출 예측 알고리즘 연구개발
• 부동산 사업자 선정 및 사업성 분석 서비스 연구개발","자격요건
• 경력 : 무관
• 공간 빅데이터, 인공지능 기술 전반에 대해 많은 관심이 있는 분
• 해외 출장에 결격사유가 없는 분","우대사항
• 공간 데이터 활용 프로젝트 경험자
• 통계학, 컴퓨터공학, 데이터사이언스, 산업공학, 부동산학, 도시공학, 건축학 석사 이상 전공자
• 데이터사이언스, 데이터마이닝 프로젝트 경험자
• 적극적인 커뮤니케이션 능력을 갖추신 분
• 다양한 분석 결과를 이해하기 쉽게 설명하실 수 있는 분"
Data Analyst,아임웹,서울 강남구,경력 3-12년,"주요업무
다양한 사내의 데이터 수요에 대응하여, 목적에 맞는 적절한 측정 지표를 수립하고 데이터를 제공해요.
• SQL과 Python을 사용하여 데이터를 추출하고 전처리하여, 시각화와 분석을 통해 비즈니스와 고객에게 도움이 되는 인사이트를 발굴해요.
• 데이터를 통해 전달해야 하는 중요한 정보를 효율적으로 시각화하여, 대시보드를 구축하고 운영(Tableau, Redash)해요.
• 데이터 엔지니어와 협업하여 Data Warehouse와 Data Mart에 적재할 데이터를 모델링하고, 처리하는 프로세스를 구현해요.
• 오너십을 가지고 데이터와 근거 기반으로 일하는 문화와 환경을 구축해요.","자격요건
• 이커머스와 SaaS의 주요 지표와 분석 방법론에 대한 높은 이해도 (GMV, MRR, LTV, Cohort, Retention 등)를 가지신 분
• 기초통계학 지식이 있는 분
• 분석과 데이터 전처리 과정에서 필요한 SQL, Python 사용에 능숙하신 분
• 비즈니스적인 관점에서 데이터를 이해하고, 크고 작은 의사결정과 action item 도출까지 논리적이고 분석적으로 사고하실 수 있는 분
• 데이터 비전문가에게도 필요한 내용을 쉽게 이해시키고 전달할 수 있는 커뮤니케이션 능력이 있는 분","우대사항
• Mixpanel, Amplitude와 같은 PA툴 활용 경험이 있으신 분
• 데이터 시각화에 대한 전문성과 높은 이해도 및 BI툴 활용 경험(Tableau, Redash, Superset)이 있으신 분
• 데이터 엔지니어링에 대한 기초적인 지식 또는 Airflow DAG 작성 경험이 있으신 분
• 병렬 및 분산처리 기반의 라이브러리를 사용한 빅데이터분석 경험이 있으신 분"
마케팅 데이터분석가(Business Analyst) (3년 이상),우아한청년들,서울 송파구,경력 3-8년,"주요업무
• 광고 채널, 지역에 대한 라이더 획득 비용, 라이더 생애 가치 분석
• 광고/프로모션 분석을 통한 마케팅 지표 개발
• 채널/지역 별 퍼널, 코호트 분석 및 대시보드 설계
• 의사결정을 위한 비즈니스 인사이트 도출 및 KPI 리포팅","자격요건
• 3년 이상 SQL을 활용한 데이터 분석 경험을 보유하신 분
• 기초 통계 및 마케팅/프로모션에 대한 이해가 있으신 분
• 데이터 분석 결과 기반으로 효과적인 개선활동 경험을 보유하신 분
• 내/외부 다양한 구성원들과 빠르고 정확한 커뮤니케이션을 할 수 있는 분","우대사항
• O2O서비스 및 배달 부업 플랫폼에 대한 이해도가 높으신 분
• 마케팅 캠페인 성과 및 비용에 대한 분석 경험이 있으신 분"
BI팀 데이터 분석가,컬리,서울 강남구,경력 5-10년,"주요업무
• 프로덕트 기능 개선을 위한 로그 설계, AB 테스트, 성과 분석 수행
• 다양한 마트를 설계 및 적재하고 대시보드, 알람 등의 프로덕트를 만들어 제공
• 축적된 데이터를 기반으로 비즈니스 문제를 발굴하고 심도깊은 데이터 분석을 통해 해결안을 제안","자격요건
• 유관 업무 경력 5년 이상이신 분
• 통계학 기본 지식을 보유한 분
• SQL에 대한 경험, 논리적 사고를 기반으로 하여 가독성 높게 쿼리를 작성하시는 분","우대사항
• Tableau와 같은 BI 툴을 사용한 데이터 시각화 경험이 있으신 분
• Git을 통한 코드 관리에 익숙하고 Airflow를 활용하여 Data Warehouse 구축 경험이 있으신 분
• Phtyon, R 등을 이용한 데이터 가공 및 분석 경험이 있으신 분
• 커머스, 물류 또는 로그 분석 프로젝트의 경험이 있으신 분
• 컴퓨터 공학, 통계학, 산업공학 등 관련 학위 보유하신 분"
Data Analyst (데이터분석가),앳홈,서울 성동구,경력 3-8년,"주요업무
• 다양한 채널에서 발생하는 매출/비용 데이터를 안정적으로 수집/적재하기 위한 데이터 파이프라인을 구축합니다.
• 마켓/트렌드 정보를 적시에 활용할 수 있도록 다양한 소스의 데이터를 크롤링/스크래핑 등의 방법으로 수집합니다.
• 효율적인 데이터 활용 환경 구축을 위해 데이터 마트 구조를 개선해 나갑니다.
• 앳홈팀의 데이터 접근 장벽을 허물고 손쉬운 데이터 활용이 가능하도록 대시보드를 제작합니다.
• 앳홈팀의 정보 공백을 최소화하기 위해 핵심 정보는 슬랙 메시지나 이메일로 자동화하여 발송합니다.
• 단순한 정보 제공에 그치지 않고, 실무에 활용 가능한 인사이트 제공을 위해 애드혹 분석을 꾸준히 진행합니다.
• 앳홈팀의 자산을 효과적으로 활용하기 위해 매출과 적정 재고 수준 등을 예측하는 모델을 만들고 고도화하는 작업을 수행합니다.","자격요건
• 3년 이상의 데이터 분석 업무 경험이 있으신 분
• SQL을 활용한 데이터 추출 및 가공 경험이 있으신 분
• Tableau 등의 BI 툴을 활용한 대시보드 제작 경험이 있으신 분
• Python을 활용한 데이터 분석 혹은 모델링 경험이 있으신 분
• 통계, 머신러닝에 대한 기본적인 지식이나 학습 경험이 있으신 분
• 분석 결과를 명확하고 간결하게 전달할 수 있는 커뮤니케이션 능력이 있으신 분","우대사항
• 스크래핑/크롤링을 통해 데이터를 수집하고 실무에 활용해보신 분
• 생활가전/뷰티/헬스푸드 제품에 대한 이해가 있거나 관련 비즈니스 분석 경험이 있으신 분
• 시계열 예측 모델링 경험 혹은 예측 결과물을 실무에 활용해본 경험이 있으신 분
• Airflow, Google Cloud 서비스 등을 활용한 데이터 파이프라인 구축 경험이 있으신 분"
3PL 영업 데이터 분석가(Business Analyst) (3년 이상),우아한청년들,서울 송파구,경력 3년 이상,"주요업무
• 데이터 분석을 통한 3PL 서비스의 고도화 및 실적 개선 방안 도출
• 3PL 사업계획 수립 및 관리에 필요한 데이터 분석 업무 수행
• 데이터의 추출 및 분석 지원
• 신규 지표 정의, 지표 관리 및 시각화
• 프로세스 개선을 위한 지표 분석 및 실행 계획 수립, 유관부서와의 커뮤니케이션","자격요건
• 3년이상 SQL활용한 데이터 추출 및 Excel 데이터 분석 경험을 보유 하신 분
• 데이터 분석을 통한 개선 프로젝트를 주도적으로 이끌어 본 경험이 있으신 분
• 분석결과를 근거로 논리적 추론 및 인사이트를 도출하여 문제를 해결해 본 경험이 있으신 분","우대사항
• 데이터 분석 관련 전공을 이수하신 분
• 데이터 시각화 툴(Tableau, Redash) 활용 경험을 보유하신 분
• IT 플랫폼, 유통/물류, 커머스 등 유관 업종에서의 업무 경력과 비즈니스 이해도가 있으신 분
• 2년이상 사업 운영/관리 관련 경험을 보유하신 분"
[잡플래닛] Data Analyst,브레인커머스,서울 강남구,경력 5-13년,"주요업무
• WBR(Weekly Business Review)을 전후로 지표를 분석하고 경영진과 의사결정권자들에게 리포트합니다.
• OKR 설정을 위한 프로덕트 및 비즈니스에 대한 전반적인 분석을 진행합니다.
• 데이터 분석을 통해 서비스의 방향을 설정하고 유관부서를 설득합니다.
• 주요 KPI 목표 달성을 위해 가설을 세워 실험을 통해 데이터 기반으로 서비스를 개선합니다.
• 프로덕트 및 비즈니스 팀과 긴밀하게 협업하여 Metrics 를 추적하고, 시각화하여 이해관계자에게 공유합니다.
• 서비스 사용 패턴을 파악하기 위한 데이터 로그를 설계하고 관리합니다.
• 데이터 프로덕트를 위한 선행적인 데이터 수집, 분석, 모델링, 의사 결정을 진행합니다.","자격요건
• 확률/통계의 지식이 있으며 5년 이상의 데이터 분석 경험이 있는 분
• SQL을 사용해 직접 데이터를 추출하고 정제할 수 있는 분
• Excel, Python, R 를 사용해서 추출된 데이터를 자유롭게 가공하고, 시각화 할 수 있는 분
• 마케팅 또는 세일즈 데이터 분석 경험이 있으신 분
• 프로덕트 및 비즈니스 핵심 지표를 설정하고, 지표 성장을 위해 다양한 가설을 세우고 실험하여 직접 서비스를 개선해보신 분
• 가설 검증을 위한 A/B 또는 MAB 테스트를 설계하고 결과를 분석하여 프로덕트에 적용한 경험이 있으신 분
• 퍼널 분석, 리텐션 분석, 코호트 분석 등 프로덕트 데이터 분석 방법에 대한 이해도가 높으신 분
• 항상 배우고 공유하고자 하는 열정이 있으며, 자기 동기 부여가 가능한 성실하고 책임감 있는 분","우대사항
• Data Science, Applied Science, Econometrics, Operational Research, Statistics 석/박사 학위 혹은 동등한 경력을 소지하신분
• OKR, KPI 개발 및 유지 관리를 경험해보신 분
• 분석에 알고리즘, Machine Learning을 적극적으로 사용하시는 분
• 프로그램과 Gen AI을 활용한 분석 자동화에 경험이 있거나 관심이 크신 분
• Amplitude, Braze, Appsflyer 등의 PA, MMP Tool 사용 경험이 있는 분
• 사내 구성원들의 데이터 리터러시 함양에 영향을 주었던 경험이 있는 분"
데이터 분석가 (Business Analyst),와디즈,경기 성남시,경력 3-10년,"주요업무
[데이터 분석가는 이런 일을 해요.]
· 비지니스/서비스/제품/비용/매출에 대한 분석을 하고 인사이트와 전략을 제안해요.
· 인사이트를 효율적으로 전달하기 위한 시각화 작업을 해요.
· 영업/프로모션 관련 구글 스프레드시트를 활용한 운영 프로세스 구축 및 관리를 해요.


[합류한다면 이런 일들을 경험하며 성장할 수 있어요.]
데이터분석에서 끝나는 것이 아니라 그것을 제안하고 실행하는 것 까지 1개 팀에서 관할하고 있어요.
그렇기 때문에 ① 데이터 인사이트가 어떻게 적용되는지 ② 실행단에서 문제가 무엇인지 ③ 피드백 후 그것을 보완하는 방향은 무엇인지까지 고민하고, 실제 비즈니스현장에서의 성과까지 볼 수 있는 장점이 있어요.","자격요건
[우리는 이런 분들을 찾고 있어요.]
· 데이터 관련 경력 3년 이상 보유하신 분
· SQL을 활용한 데이터 추출/가공/분석이 가능하신 분
· Redash, Lookerstudio, Tableau 등 데이터 시각화 툴 사용 경험이 있으신 분
· 엑셀, Google Spreadsheet 상급 수준 활용 가능하신 분","우대사항
[이러한 분이시라면 더욱 좋아요.]
· API활용, 스크래핑, 자동화 등 Python 활용 능력을 보유하신 분
· 통계 분석, 인과관계 분석, 코호트 분석 등의 방법론 사용 경험이 있으신 분


[지원서 작성 시 아래 추가질문을 함께 작성해주세요.]
• 지원자님이 생각하시는 와디즈는 어떤 회사인가요? 왜 와디즈에서 함께 하고 싶은 마음이 드셨나요?
• 와디즈가 하고 있는 일을 살펴 보셨나요? 내가 합류해서 꼭 해보고 싶은 일이 있다면 기록해 주세요."
Data Analyst/Data Scientist,쏘카(SOCAR),서울 성동구,경력 2-7년,"주요업무
[쏘카 Data Analyst / Data Scientist 업무를 소개합니다]
• 데이터 분석 및 제품 기획
• 다양한 소스(차량, 앱/웹, 고객, 위치, 교통, 날씨 등)의 데이터를 연결해 분석
• 데이터 제품(솔루션)이 창출할 수 있는 비즈니스적 가치를 식별
• 액션 가능한 아이디어나 인사이트를 도출하고, 이해관계자와 합의한 아이디어를 직접 제품으로 구현하여 성과 확인
• 예시
• 메트릭 스토어 : 크로스셀링 전략 발굴을 위한 고객 당 LTV 정의 및 추출
• 고객 분류 모델 개발 : 손익 및 고객 경험 관리에 영향을 미치는 고객의 피쳐 발굴 및 태깅
• 존 수요 지도 : 차량의 최적 배치를 위한 수요/공급 시각화
• 정차지 분석 플랫폼 : 고객의 이동 맥락과 목적을 파악하기 위한 데이터 분석 플랫폼
• 비즈니스 성장 및 최적화
• 비즈니스(매출, 수익 관점)를 성장시킬 수 있는 데이터 프로젝트 자체 발굴 및 실행
• 사업 부서와의 긴밀한 협업 및 데이터 활용 사업 운영(판매 전략 수립 및 정책 개선 등)
• 카셰어링 가격 최적화(다이나믹 프라이싱 전략 개발 및 실행) 및 수익 극대화
• 시스템(대여 가격 시스템, 면책 요금 시스템)의 운영 및 고도화 및 기타 과금 체계 운영
• 전사 지표 기획 및 관리
• 비즈니스 데이터를 구조화하여 복잡한 상황에서 의사결정을 내릴 수 있는 전사 공통의 이해 제공
• 상호 연관성이 있는 비즈니스 액션을 포괄적으로 평가할 수 있는 지표의 위계 설정
• 제품 또는 서비스의 정량적 성과 측정으로 전략적 방향성 도출","자격요건
[이런 분과 함께 성장하고 싶습니다]
• 주도적으로 문제를 정의하고, 논리적으로 해결하는 분
• 데이터를 활용해 비즈니스를 개선하여 실제 수치적 성과를 만들어낸 경험이 있는 분
• A/B 테스트에 대한 통계적 이해가 있는 분
• 앱/웹 데이터 로깅 기획 및 분석을 통해 서비스를 개선한 경험이 있는 분","우대사항
[이런 분이면 더욱 좋습니다]
• 온디맨드 또는 공유 경제를 다루는 서비스 경험이 있는 분
• 수요 예측, 통계적 사고 및 인과 추론에 의한 문제 해결 경험이 있는 분
• 가격 탄력성, 시계열 모델링 등에 역량이 있는 분
• GIS 데이터를 추출하고 정제하여 실무에 활용한 경험이 있는 분
• 차량 센서 데이터에 대한 이해가 있는 분
• 소프트웨어 개발 경험이 있는 분
• Airflow, DBT 등을 활용한 데이터 파이프라인 구축 또는 운영 경험이 있는 분
• 딥러닝, 머신러닝 모델 개발 경험이 있는 분

[이런 고민을 하며 나아갑니다]
• “차량 보유량과 예상되는 수요 고려 시 어느 정도 가격 수준으로 판매해야 대당 매출을 극대화할 수 있을까?”
• “서울시 은평구에 몇 대의 차량을 운영하면 차량 당 매출이 가장 효율적으로 발생할까?”
• “서비스 질을 유지하며, 비용을 감소시킬 수 있는 방법을 찾을 수 있을까?”
• “고객이 국내 여행을 고려할 때 가장 먼저 방문하는 서비스가 되려면 어떠한 개선이 필요할까?”
• “쏘카가 아직 유저에게 제공하지 못하는 가치는 어떤 것들 있을까? 좋은 유저 경험은 어떤 지표로 측정해야 할까?”
• “위와 같은 모든 사례들을 수치로 증명하기 위해서는 어떤 방법으로 테스트를 설계하고 분석하면 좋을까?”

[동료의 한마디]
• 전사적으로 데이터 기반 의사 결정 문화가 자리 잡고 있고, 데이터 분석 환경이 잘 구축되어 있어 데이터를 마음껏 분석할 수 있어요!
• 동료들과 자유롭게 아이디어를 교환하고 활발히 질의할 수 있는 수평적이면서도 열정적인 업무 환경이에요.
• 핵심 역량을 개발할 수 있어요! 팀장님과 상의해서 자신의 핵심 역량을 프로젝트에 녹여낼 수 있어요.
• 다양하고 복잡한 문제를 팀원들과 함께 해결하며 성장하는 재미가 있어요!"
[Strategy] 데이터 분석가 (신입),샌드박스네트워크(Sandbox),서울 용산구,신입,"주요업무
• 채널 및 콘텐츠 분석을 통해 핵심 지표를 도출하고 리포트를 제공합니다.
• 시장 및 경쟁사 리서치를 통해 데이터 기반 인사이트를 제공합니다.
• 시장에 대한 분석을 토대로 경쟁력 있는 크리에이터 영입 전략 수립에 기여합니다.
• 전사 사업 데이터를 유관부서에서 잘 활용될 수 있도록 관리합니다.
• 사업 부서 니즈를 기반으로, 필요한 데이터 대시보드 제작 및 데이터 분석을 진행합니다.","자격요건
• 4년제 대학교 졸업 혹은 졸업예정이신 분
• 데이터 및 ML 업무에 필요한 선형대수학과 확률론, 통계학 지식을 갖추신 분
• 플랫폼 기반의 기업에서 데이터 추출 가공, 분석 경험이 있는 분
• 쿼리 언어(SQL)와 스크립트 언어(Python) 활용이 가능하신 분
• AWS redash, 등 BI툴을 활용해 대시보드 구축을 해보신 분
• 경쟁사 및 시장에 대한 리서치를 통해 인사이트를 도출 할 수 있으신 분
• 한정된 자원 내에서 가설을 검증하고, 솔루션을 도출하는 데에 재미를 느끼시는 분
• 주어진 업무에 한정하지 않고 스스로 문제를 정의하고 더 나은 방안을 고민하시는 분
• 콘텐츠 및 크리에이터 시장에 대한 높은 이해도와 존중의 태도가 있으신 분","우대사항
• PyTorch나 TensorFlow 등 ML Framework의 내부 동작에 높은 이해가 있으신 분
• ML 연구 및 프로젝트 리딩 경험이 있으신 분
• Kaggle, 데이콘 등 Competition 경험 또는 Notebook 작성 경험이 있으신 분
• Data visualization, Data EDA에 능숙하신 분
• AWS 환경에서 데이터 분석을 수행한 경험이 있으신 분
• 다양한 정량, 정성 데이터로 크리에이터를 분석하는 일에 흥미를 느끼시는 분
• 변화에 유연하게 대처할 수 있는 긍정적인 마인드와 회복탄력성을 갖추고 있으신 분"
데이터 분석가(Data Analyst): 3년 이내,그린랩스,서울 송파구,경력 1-3년,"주요업무
프로덕트 전반에 관한 지표 정의 및 설계
대시보드 구축 및 운영
제품, 마케팅 영역에 관한 정량 분석
PM/마케터/데이터 엔지니어와의 협업 및 지원
데이터마트 설계 및 운영","자격요건
3년 이내의 데이터 분석 업무 경험이 있는 분
SQL을 활용하여 데이터 추출, 전처리할 수 있는 분
데이터를 활용하여 논리적으로 접근할 수 있는 분
데이터 분석 방법(퍼널 분석, 코호트 분석, 리텐션)에 관한 이해도가 있으신 분
가설 기반으로 A/B 테스트를 설계하고 분석해 본 분","우대사항
주도적으로 데이터 분석을 통해 인사이트 도출, 전략 제안을 할 수 있는 분 (업무/일상 모두 포함)
분석 결과를 동료에게 잘 전달할 수 있는 분
클라우드 환경 경험이 있는 분 (빅쿼리, AWS 등)
시각화 도구 활용 능력이 있는 분 (루커 스튜디오, 구글 스프레드 시트 등)
콘텐츠, 이커머스, O2O 도메인에 관한 경험이 있는 분"
데이터 분석가(Data Analyst),엔비티(NBT),서울 서초구,경력 5-9년,"주요업무
DevOps 팀을 소개합니다.

DevOps 팀은 클라우드, 서비스 구축/ 운영, 정보보호, 개인정보보호, 데이터 플랫폼 등 NBT의 인프라 전반을 책임집니다. NBT는 애디슨 오퍼월, 캐시슬라이드를 비롯해 스텝업, 캐시피드, 칩스, 쇼핑적립 등을 사용하는 2,500만 유저들이 안심하고 서비스를 이용할 수 있도록 정보보호관리체계(ISMS)를 기반으로 예측되는 모든 위협을 식별하고 나아가 위험관리를 수행합니다.
다양한 서비스를 제공하는 만큼 안정적인 서비스 제공을 위해 멀티 클라우드(AWS, GCP)를 적극 활용하고, CI/CD를 기반으로 빠르고 안정적인 서비스 배포와 인프라 전반의 이슈를 모니터링하며 운영합니다. 데이터 중심의 서비스를 만들기 위해, 매일 3억 건 이상의 유저 데이터가 유입되는 환경에서 데이터 분산처리 플랫폼을 구축/ 운영하고 있습니다.
DevOps 팀은 높은 자율성과 소수정예의 전문가로 무장한 팀으로, 2012년부터 시작된 무중단 서비스를 이어가는 도전은 현재까지도 실현 중입니다.

다음 도전들을 우리와 함께 하시게 됩니다.
• 서비스와 비즈니스 현황을 분석하여 인사이트를 도출하고, 의사결정을 위한 정량적 지표와 분석 결과를 제공합니다.
• 고객 행동 데이터를 분석하여 전략을 수립하고, 제품 개선을 위해 데이터 기반 해결 방안을 제시합니다.
• 데이터 엔지니어와 협력하여 데이터 표준화・메타데이터 관리 등 데이터 거버넌스 체계를 구축하고, 데이터 관리를 수행합니다.","자격요건
• 서비스 데이터 분석 : B2C, B2B SAAS 등 광고 도메인과 다양한 데이터 분석 기법에 대한 깊은 이해와 활용 경험 및 SQL, BigQuery, Python을 사용한 데이터 분석 및 모델링에서 5년 이상의 실무 경험
• 데이터 시각화 : Redash, Looker Studio 등을 활용하여 복잡한 데이터를 시각화하고, 스토리텔링을 통해 효과적으로 의사소통하는 능력
• 통계적 지식 : 회귀 분석, 분산 분석, 베이지안 통계 등 다양한 통계 기법에 대한 깊이 있는 이해와 실무 경험 보유
• 문제 해결 능력 : 복잡한 비즈니스 문제를 데이터 기반으로 정의하고 해결하며, 결과를 명확하게 전달하는 능력
• 협업 능력 : 다양한 부서와 협업하여, 데이터 기반 의사결정을 지원하는 능력","우대사항
• 데이터 기반 매출/수익/전환율 개선・B2B SaaS 서비스 분석・광고/요금 체계 최적화・KPI 설정 및 모니터링 체계 구축 경험
• 지표 성장을 위해 다양한 가설을 설정하고, A/B 테스트를 통해 실험하며, 빠른 이터레이션 지원을 통해 서비스 성과를 개선한 경험
• AWS/GCP 환경의 데이터 웨어하우스, 마트 구축・Airflow/Kafka 활용 데이터 파이프라인 구축・데이터 표준화 및 품질 관리 체계 수립 경험
• 예측/추천 시스템 개발 및 서비스 적용・LLM/TensorFlow 활용 모델 개발・MLOps 파이프라인 구축 경험
• Product Analytics(Airbridge・GA) 도구 활용・Tableau/Superset/Redash 등 BI 도구로 대시보드를 구축한 경험
• GDPR 등 데이터 보호 규정 기반 데이터 관리 체계 운영 경험"
Data Analyst (6년 이하),마인이스(차란),서울 성동구,경력 1-6년,"주요업무
• 비즈니스 문제 해결
프로덕트 및 커머스 데이터를 분석하여 주요 문제를 파악하고, 비즈니스 성장을 위한
인사이트와 전략을 제시합니다.

• 데이터 기반 의사결정
고객 관점에서 주요 지표를 기반으로, 신규 기능, 프로젝트들의 성과를 측정하고
개선하기 위한 전략을 제시합니다.

• 데이터 시각화 및 대시보드 구축
전사가 모두 쉽게 데이터를 활용할 수 있도록 대시보드를 개발하고, 모니터링합니다.

• 가설 검증 및 실험 설계
A/B 테스트와 가설 검증을 통해 서비스를 고도화합니다.","자격요건
• 데이터 기반 문제 해결 능력
복잡하고 정리되어 있지 않은 문제 해결을 위한 데이터 기반 사고와 비판적 의사결정
능력을 보유하신 분

• 커머스 및 프로덕트 분석 경험
사용자 행동 분석, 코호트 분석, A/B 테스트 등의 방법론을 사용한 경험이 있는 분

• Python, R 등 통계 분석 경험
데이터 처리 및 분석을 위한 Python, R 등을 활용한 경험이 있는 분.

• 통계학 기본 지식을 보유한 분

• 논리적 사고 및 소통 능력
분석 결과를 논리적으로 풀어내고, 이해관계자에게 명확하게 전달할 수 있는 커뮤니케이션
스킬을 보유하신 분","우대사항
• 이커머스, 중고거래 등 관련 분야의 데이터 분석 경험을 보유한 분
• SQL을 통한 데이터 추출 및 가공에 능숙하고, 다양한 분석 툴을 사용한 실무 경험이 있는 분
(분석툴 : Tableau, Redash, Metabase 등)"
데이터 분석가 - 데이터분석팀,카카오페이(kakaopay),경기 성남시,경력 8-10년,"주요업무
담당 조직 내 분석가들과 협업하여 데이터 분석 및 활용 전략을 수립하고 서비스 의사결정에 관여해요.
서비스 지표 수립, 가설 도출과 검증, 마케팅 전략 등 분석 프레임워크를 설계하고 서비스 오너들과 협의하여 인사이트를 도출해요.
데이터분석가로서 사용자 경험 개선과 비즈니스 목표 달성을 위한 지표설정과 분석을 수행하고 인사이트를 발굴해요.
사용자의 서비스 이용현황을 다양한 관점에서 분석하고 주요 지표를 변화를 모니터링해요.
사용자 습관과 아하모먼트(Ahamoment)를 탐색하여 유저 리텐션을 개선하고 유저 가치를 향상시키는 요인을 찾아요.","자격요건
총 경력 8년 이상이신 분을 원해요.
데이터 기반으로 서비스 품질 향상 및 마케팅 성과에 기여한 경험이 있으신 분을 원해요.
문제 해결을 위한 가설 수립 및 검증이 가능하고, 이를 논리적으로 설명 가능하신 분을 찾고 있어요.
SQL/R/Python 을 활용한 데이터 추출/가공/분석/리포팅이 가능하신 분을 찾고 있어요.
다양한 직군의 실무자 및 경영진에 맞는 데이터에 기반한 커뮤니케이션이 가능하신 분이 필요해요.
스스로의 생각과 호기심을 비즈니스 측면의 관점으로 전환하고, 이를 데이터에 접목시켜본 경험이 있으신 분이면 좋겠어요.
데이터 품질/활용도 향상에 대한 고민과 현황 개선을 위해 끊임없이 강구하는 자세를 보유하신 분을 찾고 있어요.","우대사항
유저-서비스간 상호작용의 전 단계를 체계화하고 인사이트를 도출할 수 있는 분이면 좋아요.
도메인에 대한 이해를 바탕으로 데이터 기반으로 적극적인 제안을 하실 수 있는 분이면 좋아요.
분석가의 작업 프로세스 전반과 관심사를 잘 이해하고 더 잘 일하기 위해 함께 고민할 수 있는 분이면 좋아요.
AB테스트 기반 가설검증 및 모바일 서비스 데이터 분석 방법(LTV, AARRR, Cohort, Funnel 등)을 깊게 활용한 경험이 있으신 분을 선호해요.
통계, 산업공학 등 데이터 관련 공학을 전공하신 분을 선호해요.
분석업무 관련 포트폴리오를 제출해주신 분을 선호해요.
타 분석가와 협업하거나 분석 프로젝트를 리딩하신 경험이 있는 분이면 더 좋아요."
Data Analyst (Junior),와드(캐치테이블),경기 성남시,경력 3년 이상,"주요업무
[프로덕트 문제 진단 및 해결]
• 현재 프로덕트의 문제를 찾고 개선을 위한 최적의 솔루션 도출
• 목표를 달성하기 위한 지표와 가설을 설정하고 이를 검증할 수 있는 데이터 분석 및 A/B 테스트를 설계
• 핵심 프로덕트 지표를 설계 및 도식화
• 데이터 기반 의사결정을 위해 PM, Business Owner, Engineer 등의 이해관계자들과 협업
• 로깅, 추출, 분석 등 데이터 로그 설계와 관리 (QA)","자격요건
• DA 경력 3년 이상 혹은 이에 준하는 경력
• 원천 데이터 정제부터 문제 정의, 인사이트 도출 및 액션아이템 제시까지 데이터 분석 전반의 과정을 수행할 수 있는 분
• 코호트 분석, A/B 테스트, Funnel 분석 등의 분석 방법론에 대한 이해 & 실무 적용 경험이 있는 분
• 최소 1개 이상의 데이터 시각화 툴(Superset, Redash, Tableau 등)을 사용하실 수 있는 분","우대사항
• 스타트업의 조직문화를 이해하고 함께 성장하고자 하는 목표를 지닌 분
• A/B 테스트 기반의 실험문화를 만들었던 경험이 있거나 이에 관심이 많으신 분
• Python, R 등을 활용한 데이터 분석에 대한 이해도가 높으신 분
• 데이터 마트 및 데이터 파이프라인 구축 또는 유저 행동 로그 설계 경험이 있는 분"
[전문연구요원(석사)] Software Engineer / Data Analyst,두잇 (Doeat),서울 관악구,신입,"주요업무
1. Frontend Engineer
• 엔지니어는 단순히 구현하는 사람이 아닙니다. 제품이 만들어지고 사라지는 전과정에 함께 하고 서비스에 대한 오너십을 가집니다.
• 데이터와 인터뷰를 통해, 유저관점에서 가치있는 디자인이 구현될 수 있도록 코드를 작성합니다.
• PO, 디자이너, 데이터분석가와 긴밀하게 협업하며 더 좋은 결과물을 위해 서로를 챌린지합니다.
• 무수히 많은 가설 설정과 실험을 진행합니다. 이를 위해 오버엔지니어링을 하지 않고 빠르게 구현하고 결과를 확인할 수 있어야 합니다.
• 직접 사용자가 되어 개발 개선사항을 주도적으로 찾아냅니다.

2. Backend Engineer
• 엔지니어는 단순히 구현하는 사람이 아닙니다. 제품이 만들어지고 사라지는 전과정에 함께 하고 서비스에 대한 오너십을 가집니다.
• PO, 디자이너, 데이터분석가와 긴밀하게 협업하며 더 좋은 결과물을 위해 서로를 챌린지합니다.
• 팀 별로 엔지니어가 해결하고 있는 문제: https://teamdoeat.career.greetinghr.com/team

3. Data Analyst
Data Anlayst는 두잇의 비즈니스 지표를 분석하고 인사이트를 발굴하며, 데이터 전략을 수립합니다. BoA Merrill Linch 미국 본사, Coupang CFO division (IPO) 경력의 Advisor가 멘토링을 제공하고 있어 빠르게 성장할 수 있는 특별한 포지션이기도 합니다.
• 고객 관점으로 주요 비즈니스 지표를 분석하여 경영진과 팀에 유의미한 인사이트와 전략을 제시합니다.
• 다양한 부서와의 협업을 통해 데이터 기반 의사결정을 지원하고, 복잡한 데이터 분석 결과를 명확하게 전달하여 모두가 공동의 목표를 향해 달려나갈 수 있게 합니다.
• 예측 모델링 및 시나리오 분석, 시뮬레이션 등을 통해 미래 비즈니스 방향성을 제시합니다.
• 다양한 데이터 분석 기법을 활용하여 데이터 분석 전략을 수립하고 실행합니다.
• 데이터 수집, 처리, 저장, 분석을 위한 데이터 인프라를 개선하고 최적화합니다.
• 최신 분석 도구 및 방법론의 도입과 적용을 통해 데이터 분석 능력을 강화합니다.","자격요건
1. Frontend Engineer
• React, React-Native 중 하나 이상을 프로덕션에서 사용해보신 분
• 비즈니스 요건을 빠르게 이해하고 이를 구현하실 수 있는 분
• 사용자 경험에 관심이 많으신 분
• 서비스 개발을 하면서 얻게 되는 새로운 인사이트를 적극적으로 공유하실 수 있는 분
• 세상을 더 행복한 공간으로 만든다는 두잇의 비전에 깊이 있게 공감하는 분

2. Backend Engineer
• java / kotlin spring 사용경험이 있으신 분
• 알고리즘 문제 해결 능력이 있으신 분
• 비즈니스 요건을 빠르게 이해하고 능숙하게 데이터 모델과 API를 디자인할 수 있는 분
• 서비스 개발을 하면서 얻게 되는 새로운 인사이트를 적극적으로 공유하실 수 있는 분
• 세상을 더 행복한 공간으로 만든다는 두잇의 비전에 깊이 있게 공감하는 분

3. Data Analyst
• 데이터 분석 관련 분야에서의 지식
• 데이터 애널리스트 혹은 유사 직무에서의 경험
• 비즈니스 지표 분석 및 비즈니스 인사이트 도출에 탁월한 능력
• SQL, Python, R 등 데이터 분석에 사용되는 주요 언어 및 툴에 대한 높은 숙련도
• 데이터 시각화 도구(Tableau, Power BI 등) 사용 경험
• 데이터베이스 및 데이터 인프라에 대한 깊은 이해
• 뛰어난 문제 해결 능력과 논리적 사고
• 탁월한 커뮤니케이션 능력, 다양한 이해관계자와의 협업 경험
• 높은 자율성과 책임감, 그리고 빠르게 변화하는 환경에서의 적응력","우대사항
1. Frontend Engineer
• 프로덕션에서 웹뷰를 이용한 모바일앱 내 웹앱 개발 경험이 있으신 분
• 서버사이드 렌더링을 이용한 성능 개선 경험이 있으신 분
• 풀스택 개발 경험이 있으신 분

2. Backend Engineer
• 머신러닝 활용 경험이 있으신 분
• 데이터 프로세싱 경험이 있으신 분
• cloud infra 활용 및 관리 경험이 있으신 분
• 고가용성의 확장 가능한 시스템을 설계하고 운영해본 경험이 있는 분

3. Data Analyst
• 빠르게 변화하는 스타트업에서의 근무 경험이 있으신 분
• 배달, 물류, 혹은 유사한 분야에서의 데이터 분석 경험이 있으신 분
• 프로젝트 관리 경험 및 애자일(Agile) 방법론에 대한 이해가 높은 분"
[인턴/CVS] 데이터 분석가 (Business Analyst),베이글코드(Bagelcode),서울 강남구,신입,"주요업무
* 이런 일을 함께하고 싶습니다.
• KPI 모니터링
: 업데이트 콘텐츠 및 마케팅 캠페인을 파악하고 이에 따른 Business KPI 설계
: KPI 변화 원인 조사
• 데이터 시각화
: Spark SQL을 이용한 게임 로그 데이터 핸들링
: 대시보드 구축 및 관리
• 게임 업데이트 성과 측정
: 유저 이탈, 게임 플레이 허들 등 문제 파악 및 개선 제안
: 새로운 콘텐츠 추가에 따른 KPI 영향 분석
: 콘텐츠 밸런스 조정 및 후속 조치 지원
• A/B 테스트
: A/B 테스트 설계, 수행 및 결과 분석
: 통계적 검정 수행 및 최적의 업데이트 방향 제안","자격요건
* 이런 역량을 가지신 분을 찾습니다.
• 지표의 흐름을 읽고 간결한 언어로 전달해 주실 수 있는 분
• 데이터를 활용해 효과적으로 이해관계자를 설득할 수 있는 분
• 논리적 사고와 수학적/통계학적 지식을 갖추고 그것을 잘 활용하시는 분
• 문제가 생기면 집요하게 원인을 추적하는 데이터 탐정","우대사항
* 이런 역량을 가지신 분을 우대합니다.
• 다양한 게임을 깊이 있게 즐기시는 분
• 게임을 비즈니스적인 시각에서 바라보실 수 있는 분
• SQL을 활용하여 생각하는 데이터를 추출할 수 있는 분
• Tableau와 같은 BI 툴을 이용한 데이터 시각화 경험이 있는 분
• 비즈니스 레벨 이상의 영어 능력을 보유하신 분
• 전산학, 컴퓨터공학, 산업공학, 통계학, 수학 등 관련 학위를 소지하셨거나 해당 분야에 대한 경험이 있는 분"
데이터 분석 / 머신러닝 개발자,바딧,서울 금천구,신입-경력 5년,"주요업무
• 정밀한 신호 분석을 통해 소의 다양한 행동을 탐지하는 모델을 개발합니다.
• 다양한 비즈니스 상황에 맞게 데이터를 수집하고 분석하는 프로세스를 개발합니다.
• 시계열 센서 데이터, 통계 데이터를 활용하여 분석 및 모델링을 수행합니다.
• 머신러닝, 딥러닝을 통해 소의 다양한 행동, 건강 관리, 상태 등을 예측하는 모델들을 개발합니다.","자격요건
• 문제 해결을 위해 머신러닝 알고리즘을 직접 활용하여 연구하고 개발하여 서비스에 반영해 보신 경험이 있으신 분을 모십니다.
• 수집된 데이터 분석을 통해 비즈니스에 적용한 경험이 있는 분을 모십니다.
• Python 프로그래밍 언어를 능숙하게 다루시는 분을 모십니다.
• pandas, numpy 등의 데이터 분석 Library를 사용하는데 능숙하신 분을 모십니다.
• Tensorflow, Pytorch, LightGBM, XGBoost 등 하나 이상의 프레임워크로 개발한 경험이 있으신 분을 모십니다.
• 팀원들과 항상 소통하며 문제를 해결하고 관련 지식을 나누면서 같이 성장할 수 있는 분을 모십니다.","우대사항
• 센서 데이터, 생체신호 데이터, 시계열 데이터 등을 활용하여 문제를 해결하신 경험이 있으신 분을 우대합니다.
• 임베디드와 머신러닝을 결합하여 프로젝트를 개발한 경험이 있으신 분을 우대합니다.
• 이상치 탐지 등의 기법을 활용하여 문제를 해결한 경험이 있으신 분을 우대합니다."
데이터 분석 컨설턴트,교보문고,서울 마포구,경력 3-11년,"주요업무
데이터분석과 커뮤니케이션에 대한 전문성을 바탕으로,

1. 데이터 기반 문제해결
- 각 영역 현업담당자와 커뮤니케이션하여 과제를 도출하고,
의사결정자에게는 데이터 기반의 해결책을 함께 제시합니다.

2. 데이터 거버넌스 구축
- 각 영역 현업담당자와의 긴밀한 커뮤니케이션을 기반으로 데이터 전략을 도출하고,
지속가능한 인사이트 창출을 위한 데이터 기획과 대시보드 개발 및 데이터 프로덕트 개발을
진행합니다.

3. 데이터 전략자산화
- 새로운 가치 창출을 위한 신규 데이터 수집을 기획하고 전략 수립을 위한
데이터 분석 작업을 합니다.

4. 주요지표 수치화 및 분석 및 모니터링
- 전사 목표달성을 위한 주요지표들을 분석하고 현황을 모니터링하며,
이러한 다양한 지표를 쉽게 확인할 수 있는 대시보드를 만듭니다.

업무 예시)
Case1) 별도의 시스템에 구성되어 있는 물류의 흐름을 하나의 화면을 통해 보고싶다는 담당자의 니즈를 도출하고, 요건을 분석하여 데이터를 수집하고, 분석/가공하여 데이터마트를 구성하고 이를 대시보드를 통해 시각화하여 언제는 한 화면에서 조회할 수 있도록 만든 사례

Case2) 현업담당자들이 직접 활용할 수 있는 데이터 거버넌스 체계를 구축하기 위해 원칙과 정책, 프로세스를 수립하고, 팀원들과 함께 제품을 선정하여 데이터웨어하우스를 구축하고, 담당자들의 니즈에 맞게 데이터마트와 대시보드를 함께 개발하여 데이터기반으로 일하는 문화를 만든 사례

참고사항)
• 데이터인텔리전스팀에서는 연차와 상관없이 프로젝트의 오너십을 가지고 업무를 진행할 수 있습니다.
• 교보문고의 다양한 다량의 데이터를 직접 분석하고 가치를 창출할 수 있는 기회가 있습니다.
• 클라우드기반의 다양한 기술스택을 경험할 수 있습니다.
• 다양한 부서의 담당자들과 협업하며, 흥미로운 프로젝트를 직접 발의하고 진행할 수 있습니다.","자격요건
• SQL 기반의 데이터 분석 및 쿼리문 작성에 익숙하신 분
• Tableau 데이터 시각화에 능숙하신 분
• 데이터 관련 프로그래밍 언어(Python)를 다루어본 경험이 있는 분
• 웹/앱 서비스를 통한 매출, 상품, 고객데이터 분석을 기반으로
서비스 개선 인사이트 도출 및 개선 적용 경험이 있는 분 (3년차 이상)
• 사업 전반과 전사적인 조직목표의 이해, 소프트 스킬을 기반으로
엔지니어, 현업 담당자 간의 커뮤니케이션을 책임감을 가지고 할 수 있는 분
• 데이터 산업과 기술에 대한 열정으로 자기주도적으로 업무를 수행하며
액션이 필요한 데이터를 찾고 디벨롭 하는 일에 익숙한 분


서류전형 ＞ 면접전형 ＞ 건강검진 ＞ 최종합격","우대사항
• 데이터 분석 솔루션이나 플랫폼 구축 프로젝트 참여 경험이 있는 분
• 온오프라인 물류, 유통 데이터 기반 분석 프로젝트 경험이 있는 분
• 수치와 데이터 기반의 커뮤니케이션이 자유롭고, 비즈니스 대시보드 구성 및 운영 경험을 보유한 분
• 데이터의 가치를 이해하고 서비스와 사용자의 실제 변화를 이끌어 낼 수 있는 분"
